20250501,2229001F1053,4987858210040,アストミン錠１０ｍｇ,45.00,16
20250501,3992001D1059,4987770528803,アデホスコーワ顆粒１０％,84.00,33
20250501,3992001F1084,4987770504609,アデホスコーワ腸溶錠２０　２０ｍｇ,168.00,16
20250501,2339177B1038,4987274131332,Ｓ・Ｍ配合散,19.50,33
20250501,5200109D1028,4987138812346,ツムラ当帰建中湯エキス顆粒(医療用),70.00,33
20250501,1179025F1026,4987128006496,デパス錠０.５ｍｇ,28.00,16
20250501,1180107D1131,4987087035049,ＰＬ配合顆粒,15.00,33
20250501,2316004F1020,4987306066984,ビオフェルミンＲ錠,30.00,16
20250501,2316009F1022,4987312126641,ミヤＢＭ錠,168.00,16
20250501,5900003F1021,4987301326649,ヨクイニンエキス錠｢コタロー｣,504.00,16
20250501,1124022F2071,4987114553102,ワイパックス錠１.０　１ｍｇ,168.00,16
20250501,3122007F2039,4987123127127,アリナミンＦ糖衣錠〔２５ｍｇ〕,84.00,16
20250501,6132013C1031,4987919100839,セフゾン細粒小児用１０％　１００ｍｇ,7.50,33
20250501,1180107D1123,4987155071078,トーワチーム配合顆粒,45.00,33
20250501,1141007F1063,4987896010817,カロナール錠２００　２００ｍｇ,3.00,16
20250501,2399010F2024,4987116212212,ガスモチン錠５ｍｇ,21.00,16
20250501,2431004F1056,4987123155144,チラーヂンＳ錠５０μｇ,198.00,16
20250501,2149040F3029,4987123136389,ブロプレス錠８　８ｍｇ,28.00,16
20250501,1124008F1067,4987058565032,フルニトラゼパム錠１ｍｇ｢アメル｣,184.00,16
20250501,3399007H1021,4987341103095,バイアスピリン錠１００ｍｇ,98.00,16
20250501,1149116D1033,4987087034868,ＳＧ配合顆粒,56.00,33
20250501,2316020F1029,4987306066212,ビオフェルミン錠剤,84.00,16
20250501,2590008F2022,4987233012931,ハルナールＤ錠０.２ｍｇ,28.00,16
20250501,1149037F1020,4987901016308,セレコックス錠１００ｍｇ,56.00,16
20250501,3327002F1169,4987476113310,トラネキサム酸錠２５０ｍｇ｢ＹＤ｣,75.00,16
20250501,3399004M4068,4987080737414,イコサペント酸エチル粒状カプセル９００ｍｇ｢サワイ｣,60.00,18
20250501,4490019F4108,4987080120018,エバスチンＯＤ錠１０ｍｇ｢サワイ｣,84.00,16
20250501,3969010F2030,4987185809900,ジャヌビア錠５０ｍｇ,56.00,16
20250501,3969007F2039,4987081181490,ピオグリタゾン錠３０ｍｇ｢ＤＳＥＰ｣,63.00,16
20250501,2189015F1120,4987376069410,アトルバスタチン錠５ｍｇ｢日医工｣,46.00,16
20250501,2189015F2127,4987376069519,アトルバスタチン錠１０ｍｇ｢日医工｣,42.00,16
20250501,1129009F4040,4987080292012,ゾルピデム酒石酸塩ＯＤ錠１０ｍｇ｢サワイ｣,28.00,16
20250501,2149039F1040,4987081182664,ロサルタンＫ錠２５ｍｇ｢ＤＳＥＰ｣,28.00,16
20250501,2149039F2100,4987155592016,ロサルタンＫ錠５０ｍｇ｢トーワ｣,56.00,16
20250501,4490025F2240,4987376181419,オロパタジン塩酸塩錠５ｍｇ｢日医工｣,56.00,16
20250501,2133001F1590,4987376007313,スピロノラクトン錠２５ｍｇ｢日医工｣,70.00,16
20250501,1190012F4319,4987614410608,ドネペジル塩酸塩ＯＤ錠５ｍｇ｢サンド｣,28.00,16
20250501,2183005G1285,4987080394013,ベザフィブラートＳＲ錠２００ｍｇ｢サワイ｣,28.00,16
20250501,2233002F1298,4987155244151,カルボシステイン錠２５０ｍｇ｢トーワ｣,45.00,16
20250501,4490023F1091,4987376556712,フェキソフェナジン塩酸塩錠６０ｍｇ｢ＳＡＮＩＫ｣,112.00,16
20250501,2129003M2192,4987080033912,メキシレチン塩酸塩カプセル１００ｍｇ｢サワイ｣,56.00,15
20250501,1124029F1123,4987080033516,ロフラゼプ酸エチル錠１ｍｇ｢サワイ｣,84.00,16
20250501,2354003F2367,4987080034711,センノシド錠１２ｍｇ｢サワイ｣,168.00,16
20250501,3969018F2029,4987233102878,スーグラ錠５０ｍｇ,42.00,16
20250501,3399009F1020,4987081103324,エフィエント錠３.７５ｍｇ,30.00,16
20250501,3969019F2023,4987039454621,フォシーガ錠１０ｍｇ,86.00,16
20250501,2149040F2030,4987123157520,カンデサルタン錠４ｍｇ｢あすか｣,28.00,16
20250501,2344009F2082,4987286113500,酸化マグネシウム錠３３０ｍｇ｢ケンエー｣,84.00,16
20250501,2190006M2233,4987376056212,トコフェロールニコチン酸エステルカプセル２００ｍｇ｢日医工｣,84.00,15
20250501,2149041F2230,4987614412909,バルサルタン錠４０ｍｇ｢サンド｣,56.00,16
20250501,2149041F3236,4987614413012,バルサルタン錠８０ｍｇ｢サンド｣,28.00,16
20250501,2149040F4238,4987080005414,カンデサルタン錠１２ｍｇ｢サワイ｣,28.00,16
20250501,6241013F3051,4987081183579,レボフロキサシン錠５００ｍｇ｢ＤＳＥＰ｣　(レボフロキサシンとして),17.00,16
20250501,2329030F1020,4987123154352,タケキャブ錠１０ｍｇ,56.00,16
20250501,2319001M1353,4987080023616,ロペラミド塩酸塩カプセル１ｍｇ｢サワイ｣,10.00,15
20250501,3969104F2025,4987116530170,エクメット配合錠ＨＤ,112.00,16
20250501,3969104F1029,4987116530132,エクメット配合錠ＬＤ,56.00,16
20250501,2190103F1038,4987081184477,アマルエット配合錠３番｢ＤＳＥＰ｣,14.00,16
20250501,2149114F1188,4987614415511,アムバロ配合錠｢サンド｣,98.00,16
20250501,4490033F1028,4987222682152,ビラノア錠２０ｍｇ,70.00,16
20250501,3969008F4060,4987086651578,ミチグリニドＣａ・ＯＤ錠１０ｍｇ｢三和｣,42.00,16
20250501,2149042F2030,4987081186518,テルミサルタン錠４０ｍｇ｢ＤＳＥＰ｣,84.00,16
20250501,1124009F1398,4987128320011,ブロチゾラム錠０.２５ｍｇ｢ヨシトミ｣,56.00,16
20250501,2189017F1030,4987081186907,ロスバスタチン錠２.５ｍｇ｢ＤＳＥＰ｣,147.00,16
20250501,2329012M1374,4987476119862,テプレノンカプセル５０ｍｇ｢ＹＤ｣,84.00,15
20250501,3122007F2063,4987155004168,フルスルチアミン錠２５ｍｇ｢トーワ｣,84.00,16
20250501,2149010G1047,4987925106603,セロケンＬ錠１２０ｍｇ,28.00,16
20250501,2149114F1021,4987443333819,エックスフォージ配合錠,28.00,16
20250501,3969107F1022,4987233105343,スージャヌ配合錠,42.00,16
20250501,2149118F1038,4987116140317,イルアミクス配合錠ＬＤ｢ＤＳＰＢ｣,46.00,16
20250501,3969004F3147,4987123416603,ボグリボースＯＤ錠０.２ｍｇ｢武田テバ｣,42.00,16
20250501,3969004F4143,4987123416634,ボグリボースＯＤ錠０.３ｍｇ｢武田テバ｣,105.00,16
20250501,1149019F1730,4987123417303,ロキソプロフェンＮａ錠６０ｍｇ｢武田テバ｣,10.00,16
20250501,2190041F3020,4987443384446,エンレスト錠２００ｍｇ,14.00,16
20250501,2499014F2028,4987616003969,リベルサス錠７ｍｇ,28.00,16
20250501,3962002F2124,4987116530323,メトホルミン塩酸塩錠２５０ｍｇＭＴ｢ＤＳＰＢ｣,277.00,16
20250501,3962002F3120,4987116530347,メトホルミン塩酸塩錠５００ｍｇＭＴ｢ＤＳＰＢ｣,28.00,16
20250501,1339005F1482,4987376711005,ベタヒスチンメシル酸塩錠６ｍｇ｢日医工Ｐ｣,84.00,16
20250501,2149121F2079,4987123001175,ジルムロ配合錠ＨＤ｢武田テバ｣,28.00,16
20250501,6250019F1365,4987614439401,バラシクロビル錠５００ｍｇ｢ＳＰＫＫ｣,42.00,16
20250501,2344005F1061,4987901059305,炭酸水素ナトリウム錠５００ｍｇ｢ＶＴＲＳ｣,84.00,16
20250501,3949003F1040,4987081185719,フェブキソスタット錠１０ｍｇ｢ＤＳＥＰ｣,56.00,16
20250501,2399010F2300,4987901094207,モサプリドクエン酸塩錠５ｍｇ｢ＶＴＲＳ｣,84.00,16
20250501,2329029M2104,4987190020338,エソメプラゾールカプセル２０ｍｇ｢ニプロ｣,14.00,15
20250501,1339002F1543,4987123873758,ジフェニドール塩酸塩錠２５ｍｇ｢ＮＩＧ｣,84.00,16
20250501,1129009F1378,4987123872096,ゾルピデム酒石酸塩錠５ｍｇ｢ＮＩＧ｣,28.00,16
20250501,1129009F2374,4987123872058,ゾルピデム酒石酸塩錠１０ｍｇ｢ＮＩＧ｣,112.00,16
20250501,2149027F2213,4987123873949,マニジピン塩酸塩錠１０ｍｇ｢ＮＩＧ｣,28.00,16
20250501,3399006F2308,4987123873857,サルポグレラート塩酸塩錠１００ｍｇ｢ＮＩＧ｣,90.00,16
20250501,2171022F2483,4987901128605,アムロジピン錠５ｍｇ｢ＶＴＲＳ｣,84.00,16
20250501,2183007G1020,4987770529800,パルモディアＸＲ錠０.２ｍｇ,28.00,16
20250501,2189102F2047,4987080012719,エゼロス配合錠ＨＤ｢サワイ｣,30.00,16
20250501,3969011F1080,4987155165241,ビルダグリプチン錠５０ｍｇ｢トーワ｣,60.00,16
20250501,3339003F2047,4987081187331,リバーロキサバン錠１５ｍｇ｢バイエル｣,28.00,16
20250501,2399710E1046,4987222697415,ＳＰトローチ０.２５ｍｇ｢明治｣,150.00,16
20250501,2634710M1077,4987120263002,ゲンタシン軟膏０.１％　１ｍｇ,20.00,33
20250501,2649735S3020,4987081100316,ロキソニンテープ１００ｍｇ　１０ｃｍ×１４ｃｍ,63.00,6
20250501,1329705Q1310,4987080038016,ケトチフェン点鼻液０.０５％｢サワイ｣　６.０４８ｍｇ８ｍＬ,2.00,19
20250501,2649729S3203,4987086533546,ケトプロフェンテープ４０ｍｇ｢三和｣　１０ｃｍ×１４ｃｍ,63.00,6
20250501,2399706M1125,4987170020419,デキサメタゾン口腔用軟膏０.１％｢ＮＫ｣,10.00,33
20250501,2649731M1098,4987306060128,フェルビナクスチック軟膏３％｢三笠｣,80.00,33
20250501,3339950Q1147,4987497308870,ヘパリン類似物質ローション０.３％｢ＮＩＴ｣,100.00,33
20250501,1319762Q2032,4987084316318,エピナスチン塩酸塩ＬＸ点眼液０.１％｢ＳＥＣ｣,10.00,36
20250501,2649735S3292,4987081189960,ロキソプロフェンＮａテープ１００ｍｇ｢ＤＳＥＰ｣　１０ｃｍ×１４ｃｍ,245.00,6
20250501,2492414G5024,4987428879905,ヒューマログ注ミリオペン　３００単位,2.00,51
20250501,2492416G2024,4987199101854,ランタス注ソロスター　３００単位,1.00,51
20250501,2492500G1025,4987616003211,ライゾデグ配合注　フレックスタッチ　３００単位,5.00,51
20250501,2499418G4027,4987616003655,オゼンピック皮下注２ｍｇ　１.５ｍＬ,1.00,51
20250501,2499422G2020,4987128305216,マンジャロ皮下注５ｍｇアテオス　０.５ｍＬ,2.00,51
20250501,,4987616003631,ペンニードルプラス,126.00,7
20250502,2229001F1053,4987858100044,アストミン錠１０ｍｇ,160.00,16
20250502,3992001D1059,4987770528803,アデホスコーワ顆粒１０％,140.00,33
20250502,3992001F1084,4987770504609,アデホスコーワ腸溶錠２０　２０ｍｇ,84.00,16
20250502,1124008F1024,4987028234784,サイレース錠１ｍｇ,88.00,16
20250502,3179115F2034,4987087034936,シナール配合錠,84.00,16
20250502,2329012M1021,4987699058931,セルベックスカプセル５０ｍｇ,189.00,15
20250502,5200013D1123,4987138800138,ツムラ葛根湯エキス顆粒(医療用),210.00,33
20250502,5200048D1070,4987138801746,ツムラ五苓散エキス顆粒(医療用),225.00,33
20250502,1179025F2022,4987128006502,デパス錠１ｍｇ,28.00,16
20250502,2316017F1035,4987158701569,ビオスリー配合錠,168.00,16
20250502,3136004F2138,4987028266563,メチコバール錠５００μｇ　０.５ｍｇ,105.00,16
20250502,1149019F1560,4987081105403,ロキソニン錠６０ｍｇ,28.00,16
20250502,3122007F2039,4987123127127,アリナミンＦ糖衣錠〔２５ｍｇ〕,105.00,16
20250502,2329026D1031,4987128087839,ガストローム顆粒６６.７％,84.00,33
20250502,1180107D1123,4987155071078,トーワチーム配合顆粒,135.00,33
20250502,1141007F1063,4987896010817,カロナール錠２００　２００ｍｇ,32.00,16
20250502,1124008F1067,4987058565032,フルニトラゼパム錠１ｍｇ｢アメル｣,63.00,16
20250502,2233002F1174,4987060005366,ムコダイン錠２５０ｍｇ,105.00,16
20250502,1149116D1033,4987087034868,ＳＧ配合顆粒,210.00,33
20250502,2316020F1029,4987306066212,ビオフェルミン錠剤,168.00,16
20250502,2590008F2022,4987233012931,ハルナールＤ錠０.２ｍｇ,35.00,16
20250502,2231001Q1036,4987286105239,セネガシロップ｢ケンエー｣,70.00,36
20250502,3327002F1169,4987476113310,トラネキサム酸錠２５０ｍｇ｢ＹＤ｣,75.00,16
20250502,2241001X1045,4987286105147,キョウニン水｢ケンエー｣,30.00,36
20250502,4490019F4108,4987080120018,エバスチンＯＤ錠１０ｍｇ｢サワイ｣,30.00,16
20250502,2149037F2055,4987080106012,シルニジピン錠１０ｍｇ｢サワイ｣,28.00,16
20250502,2149047F1028,4987858210125,ラジレス錠１５０ｍｇ,28.00,16
20250502,3969010F2030,4987185809900,ジャヌビア錠５０ｍｇ,56.00,16
20250502,2590008F2090,4987916002211,タムスロシン塩酸塩ＯＤ錠０.２ｍｇ｢明治｣,28.00,16
20250502,1179039F1117,4987058585030,フルボキサミンマレイン酸塩錠２５ｍｇ｢アメル｣,56.00,16
20250502,2189011F1203,4987080783015,シンバスタチン錠５ｍｇ｢ＳＷ｣,56.00,16
20250502,1179025F1239,4987080190011,エチゾラム錠０.５ｍｇ｢ＳＷ｣,30.00,16
20250502,2149039F1040,4987081182664,ロサルタンＫ錠２５ｍｇ｢ＤＳＥＰ｣,28.00,16
20250502,2149039F2100,4987155592016,ロサルタンＫ錠５０ｍｇ｢トーワ｣,28.00,16
20250502,3943001F1586,4987080396017,アロプリノール錠１００ｍｇ｢サワイ｣,35.00,16
20250502,2233002F1280,4987080323013,カルボシステイン錠２５０ｍｇ｢サワイ｣,90.00,16
20250502,2233002F1298,4987155244151,カルボシステイン錠２５０ｍｇ｢トーワ｣,45.00,16
20250502,2129005F1200,4987080039419,ジソピラミド徐放錠１５０ｍｇ｢ＳＷ｣,60.00,16
20250502,4490023F1091,4987376556712,フェキソフェナジン塩酸塩錠６０ｍｇ｢ＳＡＮＩＫ｣,112.00,16
20250502,4490003M1352,4987080037712,ケトチフェンカプセル１ｍｇ｢サワイ｣,56.00,15
20250502,2354003F2367,4987080034711,センノシド錠１２ｍｇ｢サワイ｣,74.00,16
20250502,2123016F1131,4987376075312,ビソプロロールフマル酸塩錠２.５ｍｇ｢日医工｣,28.00,16
20250502,1124022F1083,4987792102029,ロラゼパム錠０.５ｍｇ｢サワイ｣,28.00,16
20250502,3969018F2029,4987233102878,スーグラ錠５０ｍｇ,126.00,16
20250502,2149040F2030,4987123157520,カンデサルタン錠４ｍｇ｢あすか｣,30.00,16
20250502,2149040F3037,4987123157575,カンデサルタン錠８ｍｇ｢あすか｣,28.00,16
20250502,2344009F2082,4987286113500,酸化マグネシウム錠３３０ｍｇ｢ケンエー｣,84.00,16
20250502,2149041F3236,4987614413012,バルサルタン錠８０ｍｇ｢サンド｣,28.00,16
20250502,2190005F2213,4987080103813,イフェンプロジル酒石酸塩錠２０ｍｇ｢サワイ｣,28.00,16
20250502,3969023F1023,4987413300612,ジャディアンス錠１０ｍｇ,28.00,16
20250502,2329030F1020,4987123154352,タケキャブ錠１０ｍｇ,56.00,16
20250502,2319001M1353,4987080023616,ロペラミド塩酸塩カプセル１ｍｇ｢サワイ｣,20.00,15
20250502,3969104F2025,4987116530170,エクメット配合錠ＨＤ,196.00,16
20250502,2149114F1188,4987614415511,アムバロ配合錠｢サンド｣,58.00,16
20250502,3999040F1026,4987306014565,ボンビバ錠１００ｍｇ,1.00,16
20250502,4490033F1028,4987222682152,ビラノア錠２０ｍｇ,28.00,16
20250502,2399017F1020,4987233104247,リンゼス錠０.２５ｍｇ,14.00,16
20250502,2149044F5038,4987081187102,オルメサルタンＯＤ錠１０ｍｇ｢ＤＳＥＰ｣,28.00,16
20250502,2149117F1033,4987081186754,テラムロ配合錠ＡＰ｢ＤＳＥＰ｣,30.00,16
20250502,2149042F2030,4987081186518,テルミサルタン錠４０ｍｇ｢ＤＳＥＰ｣,144.00,16
20250502,1124009F1398,4987128320011,ブロチゾラム錠０.２５ｍｇ｢ヨシトミ｣,30.00,16
20250502,2590007F2290,4987155783049,プロピベリン塩酸塩錠２０ｍｇ｢トーワ｣,28.00,16
20250502,3131002F1330,4987060307354,リボフラビン酪酸エステル錠２０ｍｇ｢杏林｣,28.00,16
20250502,2329021F1331,4987035209614,レバミピド錠１００ｍｇ｢オーツカ｣,42.00,16
20250502,2189017F1030,4987081186907,ロスバスタチン錠２.５ｍｇ｢ＤＳＥＰ｣,58.00,16
20250502,2149114F1021,4987443333819,エックスフォージ配合錠,28.00,16
20250502,3969107F1022,4987233105343,スージャヌ配合錠,28.00,16
20250502,3969004F4143,4987123416634,ボグリボースＯＤ錠０.３ｍｇ｢武田テバ｣,84.00,16
20250502,3969004F4143,4987123416627,ボグリボースＯＤ錠０.３ｍｇ｢武田テバ｣,112.00,16
20250502,1149019F1730,4987123417303,ロキソプロフェンＮａ錠６０ｍｇ｢武田テバ｣,98.00,16
20250502,3969013F1038,4987080152118,レパグリニド錠０.２５ｍｇ｢サワイ｣,60.00,16
20250502,2190041F3020,4987443384446,エンレスト錠２００ｍｇ,35.00,16
20250502,3962002F2124,4987116530323,メトホルミン塩酸塩錠２５０ｍｇＭＴ｢ＤＳＰＢ｣,98.00,16
20250502,1339005F1482,4987376711005,ベタヒスチンメシル酸塩錠６ｍｇ｢日医工Ｐ｣,84.00,16
20250502,1179052F3034,4987222001755,デュロキセチンＯＤ錠２０ｍｇ｢明治｣,28.00,16
20250502,3112006M2053,4987155152074,エルデカルシトールカプセル０.７５μｇ｢トーワ｣,56.00,15
20250502,3949003F1040,4987081185719,フェブキソスタット錠１０ｍｇ｢ＤＳＥＰ｣,28.00,16
20250502,2139005F1117,4987123875240,フロセミド錠２０ｍｇ｢ＮＩＧ｣,28.00,16
20250502,2139005F2474,4987123875271,フロセミド錠４０ｍｇ｢ＮＩＧ｣,56.00,16
20250502,2329029M2104,4987190020338,エソメプラゾールカプセル２０ｍｇ｢ニプロ｣,28.00,15
20250502,1339002F1543,4987123873758,ジフェニドール塩酸塩錠２５ｍｇ｢ＮＩＧ｣,140.00,16
20250502,2171022F1487,4987901128209,アムロジピン錠２.５ｍｇ｢ＶＴＲＳ｣,30.00,16
20250502,2171022F2483,4987901128605,アムロジピン錠５ｍｇ｢ＶＴＲＳ｣,58.00,16
20250502,2183007G1020,4987770529800,パルモディアＸＲ錠０.２ｍｇ,28.00,16
20250502,2590007F1374,4987080379119,プロピベリン塩酸塩錠１０ｍｇ｢サワイ｣,56.00,16
20250502,6132016F2127,4987155165265,セフカペンピボキシル塩酸塩錠１００ｍｇ｢ＴＷ｣,30.00,16
20250502,3969011F1080,4987155165241,ビルダグリプチン錠５０ｍｇ｢トーワ｣,56.00,16
20250502,1141700J2130,4987901110402,アンヒバ坐剤小児用１００ｍｇ,5.00,10
20250502,2399710E1046,4987222697415,ＳＰトローチ０.２５ｍｇ｢明治｣,150.00,16
20250502,2634710M1077,4987120263002,ゲンタシン軟膏０.１％　１ｍｇ,10.00,33
20250502,1319710Q2078,4987084120366,サンコバ点眼液０.０２％　５ｍＬ,2.00,19
20250502,2647709N1060,4987087003871,リンデロン−ＶＧクリーム０.１２％,25.00,33
20250502,2649729S3084,4987188412176,モーラステープＬ４０ｍｇ　１０ｃｍ×１４ｃｍ,63.00,6
20250502,2649735S3020,4987081101092,ロキソニンテープ１００ｍｇ　１０ｃｍ×１４ｃｍ,63.00,6
20250502,2559814M1042,4987328145445,ネリザ軟膏,56.00,33
20250502,2260701F1409,4987222671422,ポビドンヨードガーグル液７％｢明治｣,90.00,36
20250502,2646726M1125,4987435475152,デキサメタゾンプロピオン酸エステル軟膏０.１％｢ラクール｣,30.00,33
20250502,1259700Q1027,4987042143116,エクロックゲル５％,40.00,33
20250502,1319706Q3043,4987084313997,ピレノキシン懸濁性点眼液０.００５％｢参天｣　５ｍＬ,2.00,19
20250502,2259707S3228,4987901069809,ツロブテロールテープ２ｍｇ｢ＶＴＲＳ｣,5.00,6
20250502,2649735S3292,4987081189960,ロキソプロフェンＮａテープ１００ｍｇ｢ＤＳＥＰ｣　１０ｃｍ×１４ｃｍ,371.00,6
20250502,2492415G1031,4987616002467,ノボラピッド注　フレックスペン　３００単位,5.00,51
20250502,2492417G1030,4987616002481,レベミル注　フレックスペン　３００単位,2.00,51
20250502,2492500G1025,4987616003211,ライゾデグ配合注　フレックスタッチ　３００単位,3.00,51
20250502,2499422G2020,4987128305216,マンジャロ皮下注５ｍｇアテオス　０.５ｍＬ,6.00,51
20250502,,4987616003631,ペンニードルプラス,210.00,7
20250507,2229001F1053,4987858100044,アストミン錠１０ｍｇ,165.00,16
20250507,3992001D1059,4987770528803,アデホスコーワ顆粒１０％,84.00,33
20250507,3992001F1084,4987770504609,アデホスコーワ腸溶錠２０　２０ｍｇ,42.00,16
20250507,6132002M2183,4987058181034,ケフレックスカプセル２５０ｍｇ,9.00,15
20250507,2171005F2021,4987770588807,コメリアンコーワ錠１００　１００ｍｇ,84.00,16
20250507,3179115D1100,4987155203097,シーピー配合顆粒,63.00,33
20250507,5200038D1093,4987138802545,ツムラ桂枝茯苓丸エキス顆粒(医療用),210.00,33
20250507,2221003B2067,4987813741053,メチエフ散１０％,11.25,33
20250507,2316004F1020,4987306066984,ビオフェルミンＲ錠,15.00,16
20250507,2316009F1022,4987312126641,ミヤＢＭ錠,42.00,16
20250507,1124009F1223,4987413580717,レンドルミン錠０.２５ｍｇ,28.00,16
20250507,2171022F2025,4987901008303,ノルバスク錠５ｍｇ,28.00,16
20250507,4490003R1309,4987080037644,ケトチフェンＤＳ小児用０.１％｢サワイ｣,25.75,33
20250507,1180107D1123,4987155071078,トーワチーム配合顆粒,150.00,33
20250507,1124007F2239,4987376371117,トリアゾラム錠０.２５ｍｇ｢日医工｣,56.00,16
20250507,1141007F1063,4987896010817,カロナール錠２００　２００ｍｇ,6.00,16
20250507,2189015F2020,4987901017701,リピトール錠１０ｍｇ,28.00,16
20250507,1124008F1067,4987058565032,フルニトラゼパム錠１ｍｇ｢アメル｣,56.00,16
20250507,3999021F1023,4987428416506,エビスタ錠６０ｍｇ,28.00,16
20250507,2231001Q1036,4987286105239,セネガシロップ｢ケンエー｣,140.00,36
20250507,3327002F1169,4987476113310,トラネキサム酸錠２５０ｍｇ｢ＹＤ｣,75.00,16
20250507,2241001X1045,4987286105147,キョウニン水｢ケンエー｣,60.00,36
20250507,2149047F1028,4987858210125,ラジレス錠１５０ｍｇ,28.00,16
20250507,3969010F2030,4987185809900,ジャヌビア錠５０ｍｇ,42.00,16
20250507,2233002R2037,4987120223808,カルボシステインＤＳ５０％｢タカタ｣,23.25,33
20250507,2590008F2090,4987916002211,タムスロシン塩酸塩ＯＤ錠０.２ｍｇ｢明治｣,28.00,16
20250507,3969007F2039,4987081181490,ピオグリタゾン錠３０ｍｇ｢ＤＳＥＰ｣,28.00,16
20250507,2590014F2028,4987233103042,ベタニス錠５０ｍｇ,28.00,16
20250507,3969103F2020,4987123150002,リオベル配合錠ＨＤ,56.00,16
20250507,2189015F2127,4987376069519,アトルバスタチン錠１０ｍｇ｢日医工｣,84.00,16
20250507,2149039F2100,4987155592016,ロサルタンＫ錠５０ｍｇ｢トーワ｣,100.00,16
20250507,2233002F1280,4987080323013,カルボシステイン錠２５０ｍｇ｢サワイ｣,207.00,16
20250507,2325003F4244,4987123407915,ファモチジンＯＤ錠２０ｍｇ｢テバ｣,56.00,16
20250507,2144002F1300,4987080035411,エナラプリルマレイン酸塩錠２.５ｍｇ｢サワイ｣,28.00,16
20250507,2123016F1131,4987376075312,ビソプロロールフマル酸塩錠２.５ｍｇ｢日医工｣,28.00,16
20250507,2189016F2130,4987080002017,ピタバスタチンＣａ錠２ｍｇ｢サワイ｣,56.00,16
20250507,2189016F3080,4987080002215,ピタバスタチンＣａ錠４ｍｇ｢サワイ｣,84.00,16
20250507,3969018F2029,4987233102878,スーグラ錠５０ｍｇ,56.00,16
20250507,3399009F1020,4987081103324,エフィエント錠３.７５ｍｇ,84.00,16
20250507,2149032F4039,4987080680017,カルベジロール錠２.５ｍｇ｢サワイ｣,112.00,16
20250507,3222013F1157,4987080100119,クエン酸第一鉄Ｎａ錠５０ｍｇ｢サワイ｣　鉄５０ｍｇ,28.00,16
20250507,2344009F2082,4987286113500,酸化マグネシウム錠３３０ｍｇ｢ケンエー｣,84.00,16
20250507,2190006M2233,4987376056229,トコフェロールニコチン酸エステルカプセル２００ｍｇ｢日医工｣,42.00,15
20250507,2190006M2233,4987376056212,トコフェロールニコチン酸エステルカプセル２００ｍｇ｢日医工｣,84.00,15
20250507,2149041F2230,4987614412909,バルサルタン錠４０ｍｇ｢サンド｣,28.00,16
20250507,2149041F3236,4987614413012,バルサルタン錠８０ｍｇ｢サンド｣,56.00,16
20250507,2149110F1287,4987376085519,ロサルヒド配合錠ＬＤ｢日医工｣,28.00,16
20250507,2171005F1335,4987080303718,ジラゼプ塩酸塩錠５０ｍｇ｢サワイ｣,84.00,16
20250507,6241013F3051,4987081183579,レボフロキサシン錠５００ｍｇ｢ＤＳＥＰ｣　(レボフロキサシンとして),5.00,16
20250507,3969023F1023,4987413300612,ジャディアンス錠１０ｍｇ,70.00,16
20250507,2329030F1020,4987123154352,タケキャブ錠１０ｍｇ,56.00,16
20250507,3136004F2278,4987171659304,メコバラミン錠５００μｇ｢ＳＷ｣　０.５ｍｇ,21.00,16
20250507,2139008F2044,4987792291815,アゾセミド錠３０ｍｇ｢ＪＧ｣,14.00,16
20250507,3969104F2025,4987116530170,エクメット配合錠ＨＤ,126.00,16
20250507,2149114F1188,4987614415511,アムバロ配合錠｢サンド｣,86.00,16
20250507,2149044F6026,4987081103157,オルメテックＯＤ錠２０ｍｇ,28.00,16
20250507,4490033F1028,4987222682152,ビラノア錠２０ｍｇ,28.00,16
20250507,6132013C1163,4987155823042,セフジニル細粒小児用１０％｢トーワ｣　１００ｍｇ,7.50,33
20250507,2149117F1033,4987081186754,テラムロ配合錠ＡＰ｢ＤＳＥＰ｣,28.00,16
20250507,2149042F2030,4987081186518,テルミサルタン錠４０ｍｇ｢ＤＳＥＰ｣,84.00,16
20250507,1124009F1398,4987128320011,ブロチゾラム錠０.２５ｍｇ｢ヨシトミ｣,56.00,16
20250507,2329021F1331,4987035209713,レバミピド錠１００ｍｇ｢オーツカ｣,98.00,16
20250507,2189017F1030,4987081186907,ロスバスタチン錠２.５ｍｇ｢ＤＳＥＰ｣,144.00,16
20250507,3339002F5025,4987081107032,リクシアナＯＤ錠３０ｍｇ,42.00,16
20250507,3122007F2063,4987155004168,フルスルチアミン錠２５ｍｇ｢トーワ｣,84.00,16
20250507,3969011F1020,4987116530217,エクア錠５０ｍｇ,28.00,16
20250507,2329023F1144,4987123415880,ランソプラゾールＯＤ錠１５ｍｇ｢武田テバ｣,14.00,16
20250507,3969004F4143,4987123416634,ボグリボースＯＤ錠０.３ｍｇ｢武田テバ｣,84.00,16
20250507,3969004F4143,4987123416627,ボグリボースＯＤ錠０.３ｍｇ｢武田テバ｣,126.00,16
20250507,1149019F1730,4987123417303,ロキソプロフェンＮａ錠６０ｍｇ｢武田テバ｣,84.00,16
20250507,1149019F1730,4987123417280,ロキソプロフェンＮａ錠６０ｍｇ｢武田テバ｣,98.00,16
20250507,3399103F1020,4987123159036,キャブピリン配合錠,28.00,16
20250507,2190041F3020,4987443384446,エンレスト錠２００ｍｇ,28.00,16
20250507,3999049F2023,4987057649306,ダーブロック錠２ｍｇ,14.00,16
20250507,2223001C1045,4987271042655,デキストロメトルファン臭化水素酸塩細粒１０％｢ツルハラ｣,10.00,33
20250507,3962002F2124,4987116530323,メトホルミン塩酸塩錠２５０ｍｇＭＴ｢ＤＳＰＢ｣,84.00,16
20250507,3962002F3120,4987116530347,メトホルミン塩酸塩錠５００ｍｇＭＴ｢ＤＳＰＢ｣,56.00,16
20250507,1339005F1482,4987376711005,ベタヒスチンメシル酸塩錠６ｍｇ｢日医工Ｐ｣,42.00,16
20250507,3112006M2053,4987155152074,エルデカルシトールカプセル０.７５μｇ｢トーワ｣,42.00,15
20250507,2149032F1170,4987081185481,カルベジロール錠１０ｍｇ｢ＤＳＥＰ｣,56.00,16
20250507,2113005F1056,4987123002974,メチルジゴキシン錠０.１ｍｇ｢ＮＩＧ｣,28.00,16
20250507,3949003F1040,4987081185719,フェブキソスタット錠１０ｍｇ｢ＤＳＥＰ｣,28.00,16
20250507,3949003F2046,4987081185740,フェブキソスタット錠２０ｍｇ｢ＤＳＥＰ｣,56.00,16
20250507,2139005F3063,4987123874540,フロセミド錠１０ｍｇ｢ＮＩＧ｣,7.00,16
20250507,1129009F2374,4987123872058,ゾルピデム酒石酸塩錠１０ｍｇ｢ＮＩＧ｣,28.00,16
20250507,2149048F1065,4987123003452,アジルサルタン錠２０ｍｇ｢武田テバ｣,28.00,16
20250507,2149045F1037,4987060310422,エプレレノン錠２５ｍｇ｢杏林｣,56.00,16
20250507,2171022F2483,4987901128605,アムロジピン錠５ｍｇ｢ＶＴＲＳ｣,112.00,16
20250507,2183007G1020,4987770529800,パルモディアＸＲ錠０.２ｍｇ,56.00,16
20250507,6132016F2127,4987155165265,セフカペンピボキシル塩酸塩錠１００ｍｇ｢ＴＷ｣,30.00,16
20250507,3969011F1080,4987155165241,ビルダグリプチン錠５０ｍｇ｢トーワ｣,84.00,16
20250507,2399710E1046,4987222697415,ＳＰトローチ０.２５ｍｇ｢明治｣,150.00,16
20250507,2634710M1077,4987120263002,ゲンタシン軟膏０.１％　１ｍｇ,10.00,33
20250507,2646725M1201,4987128107285,マイザー軟膏０.０５％,10.00,33
20250507,2647709N1060,4987087003871,リンデロン−ＶＧクリーム０.１２％,45.00,33
20250507,2260700F1021,4987173015818,アズノールうがい液４％,10.00,36
20250507,2649735S3020,4987081100316,ロキソニンテープ１００ｍｇ　１０ｃｍ×１４ｃｍ,63.00,6
20250507,2559814M1042,4987328145445,ネリザ軟膏,56.00,33
20250507,3339950M1188,4987376616218,ヘパリン類似物質油性クリーム０.３％｢日医工｣,75.00,33
20250507,2260701F1409,4987222671422,ポビドンヨードガーグル液７％｢明治｣,90.00,36
20250507,2649729S2274,4987086533485,ケトプロフェンテープ２０ｍｇ｢三和｣　７ｃｍ×１０ｃｍ,35.00,6
20250507,2649729S3203,4987086533546,ケトプロフェンテープ４０ｍｇ｢三和｣　１０ｃｍ×１４ｃｍ,28.00,6
20250507,2290801G2033,4987792101084,ブデホル吸入粉末剤６０吸入｢ＪＧ｣,1.00,51
20250507,1319742Q1284,4987497307217,レボフロキサシン点眼液０.５％｢ニットー｣,10.00,36
20250507,1319720Q3230,4987123001373,ヒアルロン酸Ｎａ点眼液０.１％｢センジュ｣　５ｍＬ,6.00,19
20250507,2259707S1225,4987901069601,ツロブテロールテープ０.５ｍｇ｢ＶＴＲＳ｣,5.00,6
20250507,2259707S2221,4987901069700,ツロブテロールテープ１ｍｇ｢ＶＴＲＳ｣,10.00,6
20250507,2259707S3228,4987901069809,ツロブテロールテープ２ｍｇ｢ＶＴＲＳ｣,10.00,6
20250507,2492500G1025,4987616003211,ライゾデグ配合注　フレックスタッチ　３００単位,7.00,51
20250507,2499418G4027,4987616003655,オゼンピック皮下注２ｍｇ　１.５ｍＬ,2.00,51
20250507,,4987616003631,ペンニードルプラス,84.00,7
20250508,2229001F1053,4987858100044,アストミン錠１０ｍｇ,105.00,16
20250508,3992001F1084,4987770504609,アデホスコーワ腸溶錠２０　２０ｍｇ,21.00,16
20250508,2359102X1072,4987047120761,アローゼン顆粒,28.00,33
20250508,1124008F1024,4987028234784,サイレース錠１ｍｇ,56.00,16
20250508,4490003M1263,4987047211025,ザジテンカプセル１ｍｇ,28.00,15
20250508,5200093D1092,4987138800848,ツムラ大柴胡湯エキス顆粒(医療用),210.00,33
20250508,5200111D1076,4987138802347,ツムラ当帰芍薬散エキス顆粒(医療用),210.00,33
20250508,5200130D1060,4987138806246,ツムラ防風通聖散エキス顆粒(医療用),210.00,33
20250508,2221003B2067,4987813741053,メチエフ散１０％,2.25,33
20250508,1179025F1026,4987128006496,デパス錠０.５ｍｇ,168.00,16
20250508,3140002D1037,4987123108324,ハイシー顆粒２５％,84.00,33
20250508,2316017F1035,4987158701569,ビオスリー配合錠,540.00,16
20250508,1125003B2031,4987081333509,フェノバール散１０％,28.00,33
20250508,2432002F1046,4987123158879,プロパジール錠５０ｍｇ,42.00,16
20250508,2316009F1022,4987312126641,ミヤＢＭ錠,28.00,16
20250508,1124009F1223,4987413580717,レンドルミン錠０.２５ｍｇ,28.00,16
20250508,3122007F2039,4987123127127,アリナミンＦ糖衣錠〔２５ｍｇ〕,84.00,16
20250508,2329021F1102,4987035184614,ムコスタ錠１００ｍｇ,84.00,16
20250508,2171022F2025,4987901008303,ノルバスク錠５ｍｇ,56.00,16
20250508,4490003R1309,4987080037644,ケトチフェンＤＳ小児用０.１％｢サワイ｣,5.00,33
20250508,1180107D1123,4987155071078,トーワチーム配合顆粒,105.00,33
20250508,1124007F2239,4987376371117,トリアゾラム錠０.２５ｍｇ｢日医工｣,30.00,16
20250508,1141007F1063,4987896010817,カロナール錠２００　２００ｍｇ,6.00,16
20250508,2431004F1056,4987123155144,チラーヂンＳ錠５０μｇ,180.00,16
20250508,2325003F3035,4987919100334,ガスターＤ錠１０ｍｇ,56.00,16
20250508,1124008F1067,4987058565032,フルニトラゼパム錠１ｍｇ｢アメル｣,28.00,16
20250508,1129009F2021,4987233731825,マイスリー錠１０ｍｇ,28.00,16
20250508,3399007H1021,4987341103095,バイアスピリン錠１００ｍｇ,28.00,16
20250508,3399100F1116,4987028200079,バファリン配合錠Ａ８１　８１ｍｇ,7.00,16
20250508,1124008F2047,4987058566039,フルニトラゼパム錠２ｍｇ｢アメル｣,30.00,16
20250508,1149116D1033,4987087034868,ＳＧ配合顆粒,252.00,33
20250508,2316020F1029,4987306066212,ビオフェルミン錠剤,84.00,16
20250508,2189017F1022,4987650650105,クレストール錠２.５ｍｇ,28.00,16
20250508,3327002F1169,4987476113310,トラネキサム酸錠２５０ｍｇ｢ＹＤ｣,99.00,16
20250508,4490019F4108,4987080120018,エバスチンＯＤ錠１０ｍｇ｢サワイ｣,28.00,16
20250508,3969010F2030,4987185809900,ジャヌビア錠５０ｍｇ,116.00,16
20250508,2149115F2022,4987081102402,レザルタス配合錠ＨＤ,28.00,16
20250508,3961008F3023,4987199100550,アマリール０.５ｍｇ錠,35.00,16
20250508,2233002R2037,4987120223808,カルボシステインＤＳ５０％｢タカタ｣,5.00,33
20250508,2590008F2090,4987916002211,タムスロシン塩酸塩ＯＤ錠０.２ｍｇ｢明治｣,28.00,16
20250508,3969102F1020,4987051183127,グルベス配合錠,84.00,16
20250508,2590014F2028,4987233103042,ベタニス錠５０ｍｇ,35.00,16
20250508,2189010F2353,4987080774013,プラバスタチンＮａ錠１０ｍｇ｢サワイ｣,58.00,16
20250508,2189015F2127,4987376069519,アトルバスタチン錠１０ｍｇ｢日医工｣,56.00,16
20250508,1179025F1239,4987080190011,エチゾラム錠０.５ｍｇ｢ＳＷ｣,28.00,16
20250508,1179025F2197,4987080192015,エチゾラム錠１ｍｇ｢ＳＷ｣,28.00,16
20250508,2171017F2156,4987080633112,ニコランジル錠５ｍｇ｢サワイ｣,56.00,16
20250508,2149039F2100,4987155592016,ロサルタンＫ錠５０ｍｇ｢トーワ｣,30.00,16
20250508,4490014F2285,4987080398011,エピナスチン塩酸塩錠２０ｍｇ｢サワイ｣,28.00,16
20250508,2233002F1280,4987080323013,カルボシステイン錠２５０ｍｇ｢サワイ｣,191.00,16
20250508,2325003F4244,4987123407915,ファモチジンＯＤ錠２０ｍｇ｢テバ｣,168.00,16
20250508,2354003F2367,4987080034711,センノシド錠１２ｍｇ｢サワイ｣,112.00,16
20250508,2123016F3088,4987376075510,ビソプロロールフマル酸塩錠０.６２５ｍｇ｢日医工｣,7.00,16
20250508,2189016F1133,4987080001911,ピタバスタチンＣａ錠１ｍｇ｢サワイ｣,15.00,16
20250508,3969018F2029,4987233102878,スーグラ錠５０ｍｇ,28.00,16
20250508,3399009F1020,4987081103324,エフィエント錠３.７５ｍｇ,28.00,16
20250508,2149032F4039,4987080680017,カルベジロール錠２.５ｍｇ｢サワイ｣,112.00,16
20250508,2344009F2082,4987286113500,酸化マグネシウム錠３３０ｍｇ｢ケンエー｣,60.00,16
20250508,2190006M2233,4987376056229,トコフェロールニコチン酸エステルカプセル２００ｍｇ｢日医工｣,84.00,15
20250508,2399005F2350,4987080103516,ドンペリドン錠１０ｍｇ｢サワイ｣,5.00,16
20250508,2149041F2230,4987614412909,バルサルタン錠４０ｍｇ｢サンド｣,14.00,16
20250508,2149041F4232,4987614413104,バルサルタン錠１６０ｍｇ｢サンド｣,28.00,16
20250508,2149110F1287,4987376085519,ロサルヒド配合錠ＬＤ｢日医工｣,28.00,16
20250508,2329030F1020,4987123154352,タケキャブ錠１０ｍｇ,28.00,16
20250508,2319001M1353,4987080023616,ロペラミド塩酸塩カプセル１ｍｇ｢サワイ｣,14.00,15
20250508,3969104F2025,4987116530170,エクメット配合錠ＨＤ,56.00,16
20250508,3969104F1029,4987116530132,エクメット配合錠ＬＤ,56.00,16
20250508,3969025F2029,4987051276331,マリゼブ錠２５ｍｇ,4.00,16
20250508,2149114F1188,4987614415511,アムバロ配合錠｢サンド｣,126.00,16
20250508,4490033F1028,4987222682152,ビラノア錠２０ｍｇ,28.00,16
20250508,2149042F2030,4987081186518,テルミサルタン錠４０ｍｇ｢ＤＳＥＰ｣,182.00,16
20250508,1124009F1398,4987128320011,ブロチゾラム錠０.２５ｍｇ｢ヨシトミ｣,56.00,16
20250508,2590007F2290,4987155783049,プロピベリン塩酸塩錠２０ｍｇ｢トーワ｣,56.00,16
20250508,2329021F1331,4987035209614,レバミピド錠１００ｍｇ｢オーツカ｣,84.00,16
20250508,2329021F1331,4987035209713,レバミピド錠１００ｍｇ｢オーツカ｣,56.00,16
20250508,2189017F1030,4987081186907,ロスバスタチン錠２.５ｍｇ｢ＤＳＥＰ｣,182.00,16
20250508,3339002F5025,4987081107032,リクシアナＯＤ錠３０ｍｇ,28.00,16
20250508,2329012M1374,4987476119862,テプレノンカプセル５０ｍｇ｢ＹＤ｣,84.00,15
20250508,3122007F2063,4987155004168,フルスルチアミン錠２５ｍｇ｢トーワ｣,168.00,16
20250508,2149010G1047,4987925106603,セロケンＬ錠１２０ｍｇ,28.00,16
20250508,3969011F1020,4987116530217,エクア錠５０ｍｇ,28.00,16
20250508,3969107F1022,4987233105343,スージャヌ配合錠,43.00,16
20250508,2149118F2034,4987116140331,イルアミクス配合錠ＨＤ｢ＤＳＰＢ｣,28.00,16
20250508,6250021M1035,4987080267461,オセルタミビルカプセル７５ｍｇ｢サワイ｣,10.00,15
20250508,2329023F1144,4987123415880,ランソプラゾールＯＤ錠１５ｍｇ｢武田テバ｣,56.00,16
20250508,2590017F1025,4987060008688,ベオーバ錠５０ｍｇ,28.00,16
20250508,2590010F4030,4987081187836,シロドシンＯＤ錠４ｍｇ｢ＤＳＥＰ｣,168.00,16
20250508,3969004F3147,4987123416603,ボグリボースＯＤ錠０.２ｍｇ｢武田テバ｣,126.00,16
20250508,3969004F4143,4987123416634,ボグリボースＯＤ錠０.３ｍｇ｢武田テバ｣,84.00,16
20250508,1149019F1730,4987123417280,ロキソプロフェンＮａ錠６０ｍｇ｢武田テバ｣,134.00,16
20250508,3112001F2060,4987058172384,アルファカルシドール錠０.５μｇ｢アメル｣,28.00,16
20250508,1190027F2029,4987028205630,デエビゴ錠５ｍｇ,30.00,16
20250508,2499011M1108,4987123418164,デュタステリドカプセル０.５ｍｇＡＶ｢武田テバ｣,28.00,15
20250508,2190041F3020,4987443384446,エンレスト錠２００ｍｇ,56.00,16
20250508,2223001C1045,4987271042655,デキストロメトルファン臭化水素酸塩細粒１０％｢ツルハラ｣,1.75,33
20250508,3962002F2124,4987116530323,メトホルミン塩酸塩錠２５０ｍｇＭＴ｢ＤＳＰＢ｣,112.00,16
20250508,3999018F2192,4987376710015,アレンドロン酸錠３５ｍｇ｢ＮＩＧ｣,4.00,16
20250508,2329008S1130,4987123001564,スクラルファート内用液１０％｢ＮＩＧ｣,1680.00,36
20250508,2189019M1055,4987123002721,オメガ−３脂肪酸エチル粒状カプセル２ｇ｢武田テバ｣,56.00,18
20250508,3949003F2046,4987081185740,フェブキソスタット錠２０ｍｇ｢ＤＳＥＰ｣,28.00,16
20250508,2171021F2322,4987123872997,ベニジピン塩酸塩錠４ｍｇ｢ＮＩＧ｣,56.00,16
20250508,2189103F2025,4987770525208,リバゼブ配合錠ＨＤ,28.00,16
20250508,2329029M2104,4987190020338,エソメプラゾールカプセル２０ｍｇ｢ニプロ｣,28.00,15
20250508,1339002F1543,4987123873758,ジフェニドール塩酸塩錠２５ｍｇ｢ＮＩＧ｣,21.00,16
20250508,1129009F2374,4987123872058,ゾルピデム酒石酸塩錠１０ｍｇ｢ＮＩＧ｣,40.00,16
20250508,2171022F1487,4987901128209,アムロジピン錠２.５ｍｇ｢ＶＴＲＳ｣,15.00,16
20250508,2171022F2483,4987901128605,アムロジピン錠５ｍｇ｢ＶＴＲＳ｣,42.00,16
20250508,2171022F2483,4987901128704,アムロジピン錠５ｍｇ｢ＶＴＲＳ｣,30.00,16
20250508,2171022F6306,4987901126809,アムロジピンＯＤ錠１０ｍｇ｢ＶＴＲＳ｣,28.00,16
20250508,2183007G1020,4987770529800,パルモディアＸＲ錠０.２ｍｇ,58.00,16
20250508,6132016F2127,4987155165265,セフカペンピボキシル塩酸塩錠１００ｍｇ｢ＴＷ｣,45.00,16
20250508,3969011F1080,4987155165241,ビルダグリプチン錠５０ｍｇ｢トーワ｣,112.00,16
20250508,2649719Q2087,4987641074163,インテバン外用液１％,100.00,36
20250508,2399710E1046,4987222697415,ＳＰトローチ０.２５ｍｇ｢明治｣,120.00,16
20250508,1319742Q1039,4987084114419,クラビット点眼液０.５％,10.00,36
20250508,2649729S3084,4987188412176,モーラステープＬ４０ｍｇ　１０ｃｍ×１４ｃｍ,63.00,6
20250508,2649735S3020,4987081101092,ロキソニンテープ１００ｍｇ　１０ｃｍ×１４ｃｍ,63.00,6
20250508,2655710N1048,4987020004620,ラノコナゾールクリーム１％｢イワキ｣,20.00,33
20250508,1329705Q1310,4987080038016,ケトチフェン点鼻液０.０５％｢サワイ｣　６.０４８ｍｇ８ｍＬ,2.00,19
20250508,2259707S2221,4987901069700,ツロブテロールテープ１ｍｇ｢ＶＴＲＳ｣,5.00,6
20250508,3339950Q1147,4987497308856,ヘパリン類似物質ローション０.３％｢ＮＩＴ｣,100.00,33
20250508,3339950Q1147,4987497308870,ヘパリン類似物質ローション０.３％｢ＮＩＴ｣,200.00,33
20250508,1319762Q2032,4987084316318,エピナスチン塩酸塩ＬＸ点眼液０.１％｢ＳＥＣ｣,30.00,36
20250508,2649735S2296,4987081189939,ロキソプロフェンＮａテープ５０ｍｇ｢ＤＳＥＰ｣　７ｃｍ×１０ｃｍ,28.00,6
20250508,2649735S3292,4987081189960,ロキソプロフェンＮａテープ１００ｍｇ｢ＤＳＥＰ｣　１０ｃｍ×１４ｃｍ,189.00,6
20250508,2492415G1031,4987616002467,ノボラピッド注　フレックスペン　３００単位,4.00,51
20250508,2492419G1021,4987616003167,トレシーバ注　フレックスタッチ　３００単位,2.00,51
20250508,2492500G1025,4987616003211,ライゾデグ配合注　フレックスタッチ　３００単位,10.00,51
20250508,2499422G2020,4987128305216,マンジャロ皮下注５ｍｇアテオス　０.５ｍＬ,5.00,51
20250508,,4987616003631,ペンニードルプラス,350.00,7
20250509,2229001F1053,4987858100044,アストミン錠１０ｍｇ,75.00,16
20250509,3992001F1084,4987770504609,アデホスコーワ腸溶錠２０　２０ｍｇ,42.00,16
20250509,1124008F1024,4987028234784,サイレース錠１ｍｇ,42.00,16
20250509,2432001F1033,4987123158831,メルカゾール錠５ｍｇ,28.00,16
20250509,5200067D1049,4987138806840,ツムラ芍薬甘草湯エキス顆粒(医療用),75.00,33
20250509,2316004F1020,4987306066984,ビオフェルミンＲ錠,21.00,16
20250509,1149019F1560,4987081105403,ロキソニン錠６０ｍｇ,10.00,16
20250509,1124009F1223,4987413580717,レンドルミン錠０.２５ｍｇ,28.00,16
20250509,3122007F2039,4987123127127,アリナミンＦ糖衣錠〔２５ｍｇ〕,105.00,16
20250509,6149003F2038,4987306017221,クラリス錠２００　２００ｍｇ,20.00,16
20250509,2329026D1031,4987128087839,ガストローム顆粒６６.７％,84.00,33
20250509,2171022F2025,4987901008303,ノルバスク錠５ｍｇ,35.00,16
20250509,1180107D1123,4987155071078,トーワチーム配合顆粒,111.00,33
20250509,1141007F1063,4987896010817,カロナール錠２００　２００ｍｇ,20.00,16
20250509,2149040F3029,4987123136389,ブロプレス錠８　８ｍｇ,35.00,16
20250509,1124008F1067,4987058565032,フルニトラゼパム錠１ｍｇ｢アメル｣,58.00,16
20250509,3399007H1021,4987341103095,バイアスピリン錠１００ｍｇ,28.00,16
20250509,2316020F1029,4987306066212,ビオフェルミン錠剤,84.00,16
20250509,2231001Q1036,4987286105239,セネガシロップ｢ケンエー｣,70.00,36
20250509,3327002F1169,4987476113310,トラネキサム酸錠２５０ｍｇ｢ＹＤ｣,15.00,16
20250509,2241001X1045,4987286105147,キョウニン水｢ケンエー｣,30.00,36
20250509,3969010F2030,4987185809900,ジャヌビア錠５０ｍｇ,84.00,16
20250509,2144008F2184,4562216550169,イミダプリル塩酸塩錠５ｍｇ｢ＤＳＥＰ｣,28.00,16
20250509,2590008F2090,4987916002211,タムスロシン塩酸塩ＯＤ錠０.２ｍｇ｢明治｣,28.00,16
20250509,3969007F1130,4987080598015,ピオグリタゾン錠１５ｍｇ｢サワイ｣,28.00,16
20250509,3969102F1020,4987051183127,グルベス配合錠,252.00,16
20250509,2189010F2353,4987080774013,プラバスタチンＮａ錠１０ｍｇ｢サワイ｣,28.00,16
20250509,2189015F1120,4987376069410,アトルバスタチン錠５ｍｇ｢日医工｣,28.00,16
20250509,2189015F2127,4987376069519,アトルバスタチン錠１０ｍｇ｢日医工｣,56.00,16
20250509,1179025F1239,4987080190011,エチゾラム錠０.５ｍｇ｢ＳＷ｣,28.00,16
20250509,2149039F2100,4987155592016,ロサルタンＫ錠５０ｍｇ｢トーワ｣,28.00,16
20250509,2183005G1285,4987080394013,ベザフィブラートＳＲ錠２００ｍｇ｢サワイ｣,28.00,16
20250509,3321002F2412,4987476156201,カルバゾクロムスルホン酸Ｎａ錠３０ｍｇ｢ＹＤ｣,70.00,16
20250509,2233002F1280,4987080323013,カルボシステイン錠２５０ｍｇ｢サワイ｣,111.00,16
20250509,2325003F4244,4987123407915,ファモチジンＯＤ錠２０ｍｇ｢テバ｣,56.00,16
20250509,4490023F1091,4987376556712,フェキソフェナジン塩酸塩錠６０ｍｇ｢ＳＡＮＩＫ｣,98.00,16
20250509,2354003F2367,4987080034711,センノシド錠１２ｍｇ｢サワイ｣,56.00,16
20250509,2189016F3080,4987080002215,ピタバスタチンＣａ錠４ｍｇ｢サワイ｣,84.00,16
20250509,3969018F2029,4987233102878,スーグラ錠５０ｍｇ,70.00,16
20250509,1124023F1118,4987080100218,アルプラゾラム錠０.４ｍｇ｢サワイ｣,28.00,16
20250509,2149040F2030,4987123157520,カンデサルタン錠４ｍｇ｢あすか｣,28.00,16
20250509,6241013F3051,4987081183579,レボフロキサシン錠５００ｍｇ｢ＤＳＥＰ｣　(レボフロキサシンとして),7.00,16
20250509,2329030F1020,4987123154352,タケキャブ錠１０ｍｇ,56.00,16
20250509,3969104F2025,4987116530170,エクメット配合錠ＨＤ,56.00,16
20250509,3969104F1029,4987116530132,エクメット配合錠ＬＤ,84.00,16
20250509,2149114F1188,4987614415511,アムバロ配合錠｢サンド｣,217.00,16
20250509,4490033F1028,4987222682152,ビラノア錠２０ｍｇ,56.00,16
20250509,2149112F2070,4987080344117,バルヒディオ配合錠ＥＸ｢サワイ｣,28.00,16
20250509,2149042F2030,4987081186518,テルミサルタン錠４０ｍｇ｢ＤＳＥＰ｣,147.00,16
20250509,2590007F2290,4987155783049,プロピベリン塩酸塩錠２０ｍｇ｢トーワ｣,14.00,16
20250509,2189017F1030,4987081186907,ロスバスタチン錠２.５ｍｇ｢ＤＳＥＰ｣,56.00,16
20250509,2189017F2037,4987081187003,ロスバスタチン錠５ｍｇ｢ＤＳＥＰ｣,28.00,16
20250509,2183006F3040,4987123415781,フェノフィブラート錠５３.３ｍｇ｢武田テバ｣,42.00,16
20250509,3969107F1022,4987233105343,スージャヌ配合錠,28.00,16
20250509,3969004F3147,4987123416603,ボグリボースＯＤ錠０.２ｍｇ｢武田テバ｣,56.00,16
20250509,3112001F3066,4987058173381,アルファカルシドール錠１.０μｇ｢アメル｣　１μｇ,35.00,16
20250509,2189018F1035,4987081189458,エゼチミブ錠１０ｍｇ｢ＤＳＥＰ｣,28.00,16
20250509,2190041F3020,4987443384446,エンレスト錠２００ｍｇ,28.00,16
20250509,3962002F2124,4987116530323,メトホルミン塩酸塩錠２５０ｍｇＭＴ｢ＤＳＰＢ｣,56.00,16
20250509,3962002F3120,4987116530347,メトホルミン塩酸塩錠５００ｍｇＭＴ｢ＤＳＰＢ｣,84.00,16
20250509,2432001F2021,4987123161909,メルカゾール錠２.５ｍｇ,28.00,16
20250509,2149121F2079,4987123001175,ジルムロ配合錠ＨＤ｢武田テバ｣,28.00,16
20250509,3999018F2192,4987376710015,アレンドロン酸錠３５ｍｇ｢ＮＩＧ｣,3.00,16
20250509,3969026F1027,4987116530415,ツイミーグ錠５００ｍｇ,56.00,16
20250509,3112006M2053,4987155152074,エルデカルシトールカプセル０.７５μｇ｢トーワ｣,28.00,15
20250509,2590011F4078,4987376349901,ソリフェナシンコハク酸塩ＯＤ錠５ｍｇ｢日医工｣,35.00,16
20250509,3949003F1040,4987081185719,フェブキソスタット錠１０ｍｇ｢ＤＳＥＰ｣,28.00,16
20250509,3949003F2046,4987081185740,フェブキソスタット錠２０ｍｇ｢ＤＳＥＰ｣,28.00,16
20250509,2139005F1117,4987123875240,フロセミド錠２０ｍｇ｢ＮＩＧ｣,28.00,16
20250509,2329029M2104,4987190020338,エソメプラゾールカプセル２０ｍｇ｢ニプロ｣,84.00,15
20250509,1339002F1543,4987123873758,ジフェニドール塩酸塩錠２５ｍｇ｢ＮＩＧ｣,42.00,16
20250509,2129008M2195,4987123872973,ピルシカイニド塩酸塩カプセル５０ｍｇ｢ＮＩＧ｣,28.00,15
20250509,2171022F2483,4987901128605,アムロジピン錠５ｍｇ｢ＶＴＲＳ｣,63.00,16
20250509,2171022F2483,4987901128704,アムロジピン錠５ｍｇ｢ＶＴＲＳ｣,56.00,16
20250509,2149026F2332,4987901129800,ドキサゾシン錠１ｍｇ｢ＶＴＲＳ｣,56.00,16
20250509,2183007G1020,4987770529800,パルモディアＸＲ錠０.２ｍｇ,42.00,16
20250509,6132016F2127,4987155165265,セフカペンピボキシル塩酸塩錠１００ｍｇ｢ＴＷ｣,45.00,16
20250509,2399710E1046,4987222697415,ＳＰトローチ０.２５ｍｇ｢明治｣,60.00,16
20250509,2649858M1036,4987387591429,スチックゼノールＡ,40.00,33
20250509,2646725M1236,4987020020996,ジフルプレドナート軟膏０.０５％｢イワキ｣,10.00,33
20250509,1319739Q1070,4987497249227,ラタノプロスト点眼液０.００５％｢ＴＯＡ｣,5.00,36
20250509,1319763Q1022,4987770514301,グラナテック点眼液０.４％,15.00,36
20250509,1319743Q1050,4987497301215,ブロムフェナクＮａ点眼液０.１％｢ニットー｣,5.00,36
20250509,2649729S2274,4987086533485,ケトプロフェンテープ２０ｍｇ｢三和｣　７ｃｍ×１０ｃｍ,63.00,6
20250509,1319820Q1030,4987497304612,トラチモ配合点眼液｢ニットー｣,5.00,36
20250509,1319825Q1025,4987123000949,アイラミド配合懸濁性点眼液,15.00,36
20250509,2259707S3228,4987901069809,ツロブテロールテープ２ｍｇ｢ＶＴＲＳ｣,5.00,6
20250509,2649735S2296,4987081189939,ロキソプロフェンＮａテープ５０ｍｇ｢ＤＳＥＰ｣　７ｃｍ×１０ｃｍ,28.00,6
20250509,2649735S3292,4987081189960,ロキソプロフェンＮａテープ１００ｍｇ｢ＤＳＥＰ｣　１０ｃｍ×１４ｃｍ,98.00,6
20250510,2229001F1053,4987858100044,アストミン錠１０ｍｇ,45.00,16
20250510,3992001D1059,4987770528803,アデホスコーワ顆粒１０％,126.00,33
20250510,2339177B1038,4987274131332,Ｓ・Ｍ配合散,117.00,33
20250510,1124008F1024,4987028234784,サイレース錠１ｍｇ,28.00,16
20250510,5200070D1105,4987138800640,ツムラ十味敗毒湯エキス顆粒(医療用),420.00,33
20250510,3327002F1142,4987081153657,トランサミン錠２５０ｍｇ,15.00,16
20250510,2149012F1059,4987116176514,ナトリックス錠１　１ｍｇ,28.00,16
20250510,1180107D1131,4987087035032,ＰＬ配合顆粒,15.00,33
20250510,3136004F2138,4987028266563,メチコバール錠５００μｇ　０.５ｍｇ,84.00,16
20250510,1339005F1296,4987028253358,メリスロン錠６ｍｇ,105.00,16
20250510,1149019F1560,4987081105403,ロキソニン錠６０ｍｇ,10.00,16
20250510,1124009F1223,4987413580717,レンドルミン錠０.２５ｍｇ,28.00,16
20250510,1124017F2135,4987123139182,セルシン錠〔２ｍｇ〕,42.00,16
20250510,2344002X1055,4987286105628,酸化マグネシウム｢ケンエー｣〔重質〕,90.00,33
20250510,1180107D1123,4987155071078,トーワチーム配合顆粒,30.00,33
20250510,1141007F1063,4987896010817,カロナール錠２００　２００ｍｇ,20.00,16
20250510,1124017F2194,4987058231289,ジアゼパム錠２ｍｇ｢アメル｣,4.00,16
20250510,2233002F1174,4987060005366,ムコダイン錠２５０ｍｇ,15.00,16
20250510,2149043F2026,4987081120048,カルブロック錠１６ｍｇ,28.00,16
20250510,1149116D1033,4987087034868,ＳＧ配合顆粒,28.00,33
20250510,2149042F2021,4987413660624,ミカルディス錠４０ｍｇ,35.00,16
20250510,3327002F1169,4987476113310,トラネキサム酸錠２５０ｍｇ｢ＹＤ｣,72.00,16
20250510,4490019F4108,4987080120018,エバスチンＯＤ錠１０ｍｇ｢サワイ｣,28.00,16
20250510,3969010F2030,4987185809900,ジャヌビア錠５０ｍｇ,114.00,16
20250510,2149115F2022,4987081102402,レザルタス配合錠ＨＤ,28.00,16
20250510,3949003F1023,4987294394120,フェブリク錠１０ｍｇ,28.00,16
20250510,3949003F2020,4987294394229,フェブリク錠２０ｍｇ,56.00,16
20250510,3969103F2020,4987123150002,リオベル配合錠ＨＤ,28.00,16
20250510,2189015F2127,4987376069519,アトルバスタチン錠１０ｍｇ｢日医工｣,28.00,16
20250510,1179025F1239,4987080190011,エチゾラム錠０.５ｍｇ｢ＳＷ｣,28.00,16
20250510,2171017F2156,4987080633112,ニコランジル錠５ｍｇ｢サワイ｣,90.00,16
20250510,2149039F2100,4987155592016,ロサルタンＫ錠５０ｍｇ｢トーワ｣,28.00,16
20250510,2233002F1280,4987080323013,カルボシステイン錠２５０ｍｇ｢サワイ｣,60.00,16
20250510,2325003F4244,4987123407915,ファモチジンＯＤ錠２０ｍｇ｢テバ｣,60.00,16
20250510,4490023F1091,4987376556712,フェキソフェナジン塩酸塩錠６０ｍｇ｢ＳＡＮＩＫ｣,61.00,16
20250510,2144002F2357,4987080035510,エナラプリルマレイン酸塩錠５ｍｇ｢サワイ｣,30.00,16
20250510,2354003F2367,4987080034711,センノシド錠１２ｍｇ｢サワイ｣,84.00,16
20250510,3969018F2029,4987233102878,スーグラ錠５０ｍｇ,56.00,16
20250510,3399009F1020,4987081103324,エフィエント錠３.７５ｍｇ,30.00,16
20250510,3399102F1026,4987123154185,タケルダ配合錠,30.00,16
20250510,2149032F4039,4987080680017,カルベジロール錠２.５ｍｇ｢サワイ｣,30.00,16
20250510,2190006M2233,4987376056229,トコフェロールニコチン酸エステルカプセル２００ｍｇ｢日医工｣,56.00,15
20250510,2329030F1020,4987123154352,タケキャブ錠１０ｍｇ,56.00,16
20250510,3969104F2025,4987116530170,エクメット配合錠ＨＤ,112.00,16
20250510,3969104F1029,4987116530132,エクメット配合錠ＬＤ,112.00,16
20250510,2149114F1188,4987614415511,アムバロ配合錠｢サンド｣,144.00,16
20250510,2149114F1102,4987476170306,アムバロ配合錠｢ＹＤ｣,28.00,16
20250510,2149044F6026,4987081103157,オルメテックＯＤ錠２０ｍｇ,28.00,16
20250510,3999021F1031,4987080406112,ラロキシフェン塩酸塩錠６０ｍｇ｢サワイ｣,28.00,16
20250510,2149110F2240,4987376085403,ロサルヒド配合錠ＨＤ｢日医工｣,28.00,16
20250510,3969105F1023,4987123158367,イニシンク配合錠,28.00,16
20250510,2149117F1033,4987081186754,テラムロ配合錠ＡＰ｢ＤＳＥＰ｣,28.00,16
20250510,2149042F2030,4987081186518,テルミサルタン錠４０ｍｇ｢ＤＳＥＰ｣,140.00,16
20250510,1124009F1398,4987128320011,ブロチゾラム錠０.２５ｍｇ｢ヨシトミ｣,86.00,16
20250510,2329021F1331,4987035209614,レバミピド錠１００ｍｇ｢オーツカ｣,90.00,16
20250510,2189017F1030,4987081186907,ロスバスタチン錠２.５ｍｇ｢ＤＳＥＰ｣,28.00,16
20250510,2189017F2037,4987081187003,ロスバスタチン錠５ｍｇ｢ＤＳＥＰ｣,30.00,16
20250510,3122007F2063,4987155004168,フルスルチアミン錠２５ｍｇ｢トーワ｣,174.00,16
20250510,2149010G1047,4987925106603,セロケンＬ錠１２０ｍｇ,14.00,16
20250510,3969107F1022,4987233105343,スージャヌ配合錠,63.00,16
20250510,1149019F1730,4987123417280,ロキソプロフェンＮａ錠６０ｍｇ｢武田テバ｣,188.00,16
20250510,3962002F2124,4987116530323,メトホルミン塩酸塩錠２５０ｍｇＭＴ｢ＤＳＰＢ｣,84.00,16
20250510,2590011F4078,4987376349901,ソリフェナシンコハク酸塩ＯＤ錠５ｍｇ｢日医工｣,28.00,16
20250510,6250019F1365,4987614439401,バラシクロビル錠５００ｍｇ｢ＳＰＫＫ｣,42.00,16
20250510,2139005F2474,4987123875271,フロセミド錠４０ｍｇ｢ＮＩＧ｣,56.00,16
20250510,2329029M2104,4987190020338,エソメプラゾールカプセル２０ｍｇ｢ニプロ｣,56.00,15
20250510,3133001B1223,4987123871525,パンテチン散２０％｢ＮＩＧ｣,90.00,33
20250510,2171022F2483,4987901128605,アムロジピン錠５ｍｇ｢ＶＴＲＳ｣,28.00,16
20250510,2183007G1020,4987770529800,パルモディアＸＲ錠０.２ｍｇ,42.00,16
20250510,2399710E1046,4987222697415,ＳＰトローチ０.２５ｍｇ｢明治｣,30.00,16
20250510,2647709N1060,4987087003871,リンデロン−ＶＧクリーム０.１２％,50.00,33
20250510,2646720Q1057,4987020015916,スピラゾンローション０.３％,20.00,33
20250510,2260700F1021,4987173015818,アズノールうがい液４％,10.00,36
20250510,2691702M1052,4987020004828,マキサカルシトール軟膏２５μｇ／ｇ｢イワキ｣　０.００２５％,20.00,33
20250510,2649729S5036,4987641077829,ケトプロフェンパップＸＲ１２０ｍｇ｢テイコク｣　１０ｃｍ×１４ｃｍ,63.00,6
20250510,2646730N1062,4987316136141,ベタメタゾン酪酸エステルプロピオン酸エステルクリーム０.０５％｢ＭＹＫ｣,20.00,33
20250510,2669701N2113,4987047110885,尿素クリーム２０％｢ＳＵＮ｣,50.00,33
20250510,1319762Q2032,4987084316318,エピナスチン塩酸塩ＬＸ点眼液０.１％｢ＳＥＣ｣,10.00,36
20250510,2649735S2296,4987081189939,ロキソプロフェンＮａテープ５０ｍｇ｢ＤＳＥＰ｣　７ｃｍ×１０ｃｍ,63.00,6
20250510,2492415G1031,4987616002467,ノボラピッド注　フレックスペン　３００単位,2.00,51
20250510,2492419G1021,4987616003167,トレシーバ注　フレックスタッチ　３００単位,2.00,51
20250510,,4987616003631,ペンニードルプラス,140.00,7
20250512,2229001F1053,4987858100044,アストミン錠１０ｍｇ,126.00,16
20250512,3992001D1059,4987770528803,アデホスコーワ顆粒１０％,84.00,33
20250512,2339177B1038,4987274131332,Ｓ・Ｍ配合散,19.50,33
20250512,2329012M1021,4987699058931,セルベックスカプセル５０ｍｇ,84.00,15
20250512,5200092D1020,4987138810045,ツムラ大建中湯エキス顆粒(医療用),1230.00,33
20250512,2329009F1110,4987376245302,ドグマチール錠５０ｍｇ,90.00,16
20250512,3133001F4020,4987274129759,パントシン錠２００　２００ｍｇ,246.00,16
20250512,1180107D1131,4987087035032,ＰＬ配合顆粒,15.00,33
20250512,3222007G1033,4987901117500,フェロ・グラデュメット錠１０５ｍｇ,28.00,16
20250512,2316009F1022,4987312126641,ミヤＢＭ錠,90.00,16
20250512,1149019F1560,4987081105403,ロキソニン錠６０ｍｇ,20.00,16
20250512,1249010F1026,4987047211247,テルネリン錠１ｍｇ,42.00,16
20250512,1124009F1223,4987413580717,レンドルミン錠０.２５ｍｇ,28.00,16
20250512,1129006F2028,4987058691038,リスミー錠２ｍｇ,26.00,16
20250512,1139004G2063,4987057592626,デパケンＲ錠２００ｍｇ,84.00,16
20250512,2171022F2025,4987901008303,ノルバスク錠５ｍｇ,28.00,16
20250512,1180107D1123,4987155071078,トーワチーム配合顆粒,81.00,33
20250512,1141007F1063,4987896010817,カロナール錠２００　２００ｍｇ,23.00,16
20250512,2329028F1023,4987699058726,パリエット錠１０ｍｇ,28.00,16
20250512,2399010F2024,4987116212212,ガスモチン錠５ｍｇ,21.00,16
20250512,2431004F1056,4987123155144,チラーヂンＳ錠５０μｇ,28.00,16
20250512,2189015F2020,4987901017701,リピトール錠１０ｍｇ,28.00,16
20250512,1124008F1067,4987058565032,フルニトラゼパム錠１ｍｇ｢アメル｣,194.00,16
20250512,2149041F3023,4987443277229,ディオバン錠８０ｍｇ,28.00,16
20250512,3399100F1116,4987028200079,バファリン配合錠Ａ８１　８１ｍｇ,28.00,16
20250512,2316020F1029,4987306066212,ビオフェルミン錠剤,21.00,16
20250512,3969004F4020,4987123144087,ベイスンＯＤ錠０.３　０.３ｍｇ,84.00,16
20250512,2189017F1022,4987650650105,クレストール錠２.５ｍｇ,28.00,16
20250512,3327002F1169,4987476113310,トラネキサム酸錠２５０ｍｇ｢ＹＤ｣,60.00,16
20250512,4490017M1109,4987080515074,プランルカストカプセル１１２.５ｍｇ｢サワイ｣,112.00,15
20250512,3969010F2030,4987185809900,ジャヌビア錠５０ｍｇ,112.00,16
20250512,2590008F2090,4987916002211,タムスロシン塩酸塩ＯＤ錠０.２ｍｇ｢明治｣,28.00,16
20250512,2329028F1104,4987080670018,ラベプラゾールＮａ錠１０ｍｇ｢サワイ｣,28.00,16
20250512,3969007F1130,4987080598015,ピオグリタゾン錠１５ｍｇ｢サワイ｣,28.00,16
20250512,3969007F2039,4987081181490,ピオグリタゾン錠３０ｍｇ｢ＤＳＥＰ｣,28.00,16
20250512,2590014F2028,4987233103042,ベタニス錠５０ｍｇ,28.00,16
20250512,2189010F1330,4987080773016,プラバスタチンＮａ錠５ｍｇ｢サワイ｣,42.00,16
20250512,2189015F1120,4987376069410,アトルバスタチン錠５ｍｇ｢日医工｣,30.00,16
20250512,2189015F2127,4987376069519,アトルバスタチン錠１０ｍｇ｢日医工｣,112.00,16
20250512,2149039F2100,4987155592016,ロサルタンＫ錠５０ｍｇ｢トーワ｣,56.00,16
20250512,2149039F3093,4987155593020,ロサルタンＫ錠１００ｍｇ｢トーワ｣,28.00,16
20250512,2251001F2166,4987080001416,テオフィリン徐放錠１００ｍｇ｢サワイ｣,56.00,16
20250512,2171014G4096,4987155103069,ニフェジピンＣＲ錠２０ｍｇ｢トーワ｣,56.00,16
20250512,3943001F1586,4987080396017,アロプリノール錠１００ｍｇ｢サワイ｣,56.00,16
20250512,2233002F1280,4987080323013,カルボシステイン錠２５０ｍｇ｢サワイ｣,75.00,16
20250512,2325003F4244,4987123407915,ファモチジンＯＤ錠２０ｍｇ｢テバ｣,88.00,16
20250512,4490023F1091,4987376556712,フェキソフェナジン塩酸塩錠６０ｍｇ｢ＳＡＮＩＫ｣,112.00,16
20250512,1124029F1123,4987080033516,ロフラゼプ酸エチル錠１ｍｇ｢サワイ｣,92.00,16
20250512,2354003F2367,4987080034711,センノシド錠１２ｍｇ｢サワイ｣,140.00,16
20250512,2189016F1133,4987080001911,ピタバスタチンＣａ錠１ｍｇ｢サワイ｣,28.00,16
20250512,2189016F2130,4987080002017,ピタバスタチンＣａ錠２ｍｇ｢サワイ｣,28.00,16
20250512,3969018F2029,4987233102878,スーグラ錠５０ｍｇ,100.00,16
20250512,3969021F1032,4987770510501,デベルザ錠２０ｍｇ,28.00,16
20250512,3969019F2023,4987039454621,フォシーガ錠１０ｍｇ,28.00,16
20250512,3222013F1157,4987080100119,クエン酸第一鉄Ｎａ錠５０ｍｇ｢サワイ｣　鉄５０ｍｇ,21.00,16
20250512,2344009F2082,4987286113500,酸化マグネシウム錠３３０ｍｇ｢ケンエー｣,210.00,16
20250512,2190006M2233,4987376056229,トコフェロールニコチン酸エステルカプセル２００ｍｇ｢日医工｣,168.00,15
20250512,1179037F2050,4987058013281,トラゾドン塩酸塩錠５０ｍｇ｢アメル｣,52.00,16
20250512,3949002F2203,4987155067132,ベンズブロマロン錠５０ｍｇ｢トーワ｣,28.00,16
20250512,2329030F1020,4987123154352,タケキャブ錠１０ｍｇ,114.00,16
20250512,3136004F2278,4987171659304,メコバラミン錠５００μｇ｢ＳＷ｣　０.５ｍｇ,210.00,16
20250512,3399008F2110,4987376097819,クロピドグレル錠７５ｍｇ｢ＳＡＮＩＫ｣,56.00,16
20250512,3969104F2025,4987116530170,エクメット配合錠ＨＤ,168.00,16
20250512,2149114F1188,4987614415511,アムバロ配合錠｢サンド｣,177.00,16
20250512,3999021F1031,4987080406112,ラロキシフェン塩酸塩錠６０ｍｇ｢サワイ｣,28.00,16
20250512,4490033F1028,4987222682152,ビラノア錠２０ｍｇ,28.00,16
20250512,2149112F2070,4987080344117,バルヒディオ配合錠ＥＸ｢サワイ｣,28.00,16
20250512,2149042F2030,4987081186518,テルミサルタン錠４０ｍｇ｢ＤＳＥＰ｣,189.00,16
20250512,1124009F1398,4987128320011,ブロチゾラム錠０.２５ｍｇ｢ヨシトミ｣,100.00,16
20250512,2329021F1331,4987035209713,レバミピド錠１００ｍｇ｢オーツカ｣,273.00,16
20250512,2189017F1030,4987081186907,ロスバスタチン錠２.５ｍｇ｢ＤＳＥＰ｣,196.00,16
20250512,3339002F5025,4987081107032,リクシアナＯＤ錠３０ｍｇ,56.00,16
20250512,3339002F6021,4987081107070,リクシアナＯＤ錠６０ｍｇ,28.00,16
20250512,2329012M1374,4987476119862,テプレノンカプセル５０ｍｇ｢ＹＤ｣,120.00,15
20250512,3122007F2063,4987155004168,フルスルチアミン錠２５ｍｇ｢トーワ｣,84.00,16
20250512,4490022F4037,4987190510808,ベポタスチンベシル酸塩ＯＤ錠１０ｍｇ｢タナベ｣,56.00,16
20250512,2149010G1047,4987925106603,セロケンＬ錠１２０ｍｇ,70.00,16
20250512,3969107F1022,4987233105343,スージャヌ配合錠,91.00,16
20250512,2149118F2034,4987116140331,イルアミクス配合錠ＨＤ｢ＤＳＰＢ｣,28.00,16
20250512,2149118F1038,4987116140317,イルアミクス配合錠ＬＤ｢ＤＳＰＢ｣,28.00,16
20250512,2329023F1144,4987123415880,ランソプラゾールＯＤ錠１５ｍｇ｢武田テバ｣,42.00,16
20250512,3969004F4143,4987123416634,ボグリボースＯＤ錠０.３ｍｇ｢武田テバ｣,84.00,16
20250512,1149019F1730,4987123417280,ロキソプロフェンＮａ錠６０ｍｇ｢武田テバ｣,94.00,16
20250512,3949005F2029,4987224143811,ユリス錠１ｍｇ,56.00,16
20250512,2190041F3020,4987443384446,エンレスト錠２００ｍｇ,121.00,16
20250512,3962002F2124,4987116530323,メトホルミン塩酸塩錠２５０ｍｇＭＴ｢ＤＳＰＢ｣,308.00,16
20250512,3962002F3120,4987116530347,メトホルミン塩酸塩錠５００ｍｇＭＴ｢ＤＳＰＢ｣,116.00,16
20250512,1129010F3110,4987080322115,エスゾピクロン錠３ｍｇ｢サワイ｣,28.00,16
20250512,2149121F2079,4987123001175,ジルムロ配合錠ＨＤ｢武田テバ｣,42.00,16
20250512,6250019F1365,4987614439401,バラシクロビル錠５００ｍｇ｢ＳＰＫＫ｣,10.00,16
20250512,1139010F2101,4987376067201,レベチラセタム錠５００ｍｇ｢日医工｣,56.00,16
20250512,1179045F8036,4987080271116,アリピプラゾール錠１ｍｇ｢サワイ｣,26.00,16
20250512,3949003F1040,4987081185719,フェブキソスタット錠１０ｍｇ｢ＤＳＥＰ｣,58.00,16
20250512,3949003F2046,4987081185740,フェブキソスタット錠２０ｍｇ｢ＤＳＥＰ｣,28.00,16
20250512,2139005F1117,4987123875240,フロセミド錠２０ｍｇ｢ＮＩＧ｣,56.00,16
20250512,2399010F2300,4987901094207,モサプリドクエン酸塩錠５ｍｇ｢ＶＴＲＳ｣,140.00,16
20250512,2329029M2104,4987190020338,エソメプラゾールカプセル２０ｍｇ｢ニプロ｣,114.00,15
20250512,1249009F1511,4987123871051,エペリゾン塩酸塩錠５０ｍｇ｢ＮＩＧ｣,168.00,16
20250512,1339002F1543,4987123873758,ジフェニドール塩酸塩錠２５ｍｇ｢ＮＩＧ｣,84.00,16
20250512,1129009F1378,4987123872096,ゾルピデム酒石酸塩錠５ｍｇ｢ＮＩＧ｣,56.00,16
20250512,1129009F2374,4987123872058,ゾルピデム酒石酸塩錠１０ｍｇ｢ＮＩＧ｣,28.00,16
20250512,2171022F2483,4987901128605,アムロジピン錠５ｍｇ｢ＶＴＲＳ｣,209.00,16
20250512,2149026F2332,4987901129800,ドキサゾシン錠１ｍｇ｢ＶＴＲＳ｣,28.00,16
20250512,2183007G1020,4987770529800,パルモディアＸＲ錠０.２ｍｇ,28.00,16
20250512,3969011F1080,4987155165241,ビルダグリプチン錠５０ｍｇ｢トーワ｣,112.00,16
20250512,2399710E1046,4987222697415,ＳＰトローチ０.２５ｍｇ｢明治｣,150.00,16
20250512,2647709N1060,4987087003871,リンデロン−ＶＧクリーム０.１２％,45.00,33
20250512,2646730M1059,4987158144007,アンテベート軟膏０.０５％,15.00,33
20250512,2649729S2169,4987188412077,モーラステープ２０ｍｇ　７ｃｍ×１０ｃｍ,63.00,6
20250512,3339950M1137,4987213052810,ヒルドイドソフト軟膏０.３％,50.00,33
20250512,2260700F1021,4987173015818,アズノールうがい液４％,10.00,36
20250512,2649735S3020,4987081101092,ロキソニンテープ１００ｍｇ　１０ｃｍ×１４ｃｍ,63.00,6
20250512,2259704G9033,4987035510611,メプチンエアー１０μｇ吸入１００回　０.０１４３％５ｍＬ,2.00,51
20250512,2649734Q1085,4987174414016,ジクロフェナクＮａゲル１％｢日本臓器｣,100.00,33
20250512,2649729S3203,4987086533546,ケトプロフェンテープ４０ｍｇ｢三和｣　１０ｃｍ×１４ｃｍ,126.00,6
20250512,2669701N2113,4987047110885,尿素クリーム２０％｢ＳＵＮ｣,125.00,33
20250512,1319720Q3230,4987123001373,ヒアルロン酸Ｎａ点眼液０.１％｢センジュ｣　５ｍＬ,2.00,19
20250512,1319752Q1067,4987614439302,オロパタジン点眼液０.１％｢サンド｣,5.00,36
20250512,2259707S3228,4987901069809,ツロブテロールテープ２ｍｇ｢ＶＴＲＳ｣,5.00,6
20250512,1329711Q3032,4987120121906,フルチカゾンフランカルボン酸エステル点鼻液２７.５μｇ｢タカタ｣５６噴霧用　３ｍｇ６ｇ,2.00,19
20250512,1319762Q2032,4987084316318,エピナスチン塩酸塩ＬＸ点眼液０.１％｢ＳＥＣ｣,25.00,36
20250512,2649735S3292,4987081189960,ロキソプロフェンＮａテープ１００ｍｇ｢ＤＳＥＰ｣　１０ｃｍ×１４ｃｍ,63.00,6
20250512,2492415G1031,4987616002467,ノボラピッド注　フレックスペン　３００単位,5.00,51
20250512,2499416G1029,4987428143303,トルリシティ皮下注０.７５ｍｇアテオス　０.５ｍＬ,4.00,51
20250512,2492500G1025,4987616003211,ライゾデグ配合注　フレックスタッチ　３００単位,2.00,51
20250512,2499418G4027,4987616003655,オゼンピック皮下注２ｍｇ　１.５ｍＬ,1.00,51
20250512,,4987616003631,ペンニードルプラス,210.00,7
20250513,2229001F1053,4987858100044,アストミン錠１０ｍｇ,90.00,16
20250513,1124023F2033,4987901007405,ソラナックス０.８ｍｇ錠,28.00,16
20250513,2432001F1033,4987123158831,メルカゾール錠５ｍｇ,28.00,16
20250513,1179025F2022,4987128006502,デパス錠１ｍｇ,84.00,16
20250513,3140002D1037,4987123108324,ハイシー顆粒２５％,56.00,33
20250513,6149003F2038,4987306017221,クラリス錠２００　２００ｍｇ,10.00,16
20250513,1139002F1062,4987047211209,テグレトール錠２００ｍｇ,56.00,16
20250513,2171022F2025,4987901008303,ノルバスク錠５ｍｇ,28.00,16
20250513,1180107D1123,4987155071078,トーワチーム配合顆粒,75.00,33
20250513,1141007F1063,4987896010817,カロナール錠２００　２００ｍｇ,6.00,16
20250513,2189015F1023,4987901017305,リピトール錠５ｍｇ,28.00,16
20250513,2189015F2020,4987901017701,リピトール錠１０ｍｇ,28.00,16
20250513,2325003F4031,4987919100396,ガスターＤ錠２０ｍｇ,56.00,16
20250513,1124008F1067,4987058565032,フルニトラゼパム錠１ｍｇ｢アメル｣,28.00,16
20250513,3399007H1021,4987341103095,バイアスピリン錠１００ｍｇ,28.00,16
20250513,1124008F2047,4987058566039,フルニトラゼパム錠２ｍｇ｢アメル｣,28.00,16
20250513,1149116D1033,4987087034868,ＳＧ配合顆粒,84.00,33
20250513,2316020F1029,4987306066212,ビオフェルミン錠剤,183.00,16
20250513,3327002F1169,4987476113310,トラネキサム酸錠２５０ｍｇ｢ＹＤ｣,60.00,16
20250513,4490019F4108,4987080120018,エバスチンＯＤ錠１０ｍｇ｢サワイ｣,14.00,16
20250513,3969010F2030,4987185809900,ジャヌビア錠５０ｍｇ,28.00,16
20250513,2329027F1037,4987080681014,ポラプレジンクＯＤ錠７５ｍｇ｢サワイ｣,28.00,16
20250513,3949003F1023,4987294394120,フェブリク錠１０ｍｇ,30.00,16
20250513,2149048F1022,4987123152228,アジルバ錠２０ｍｇ,28.00,16
20250513,2189015F2127,4987376069519,アトルバスタチン錠１０ｍｇ｢日医工｣,84.00,16
20250513,2431004F5027,4987123155175,チラーヂンＳ錠７５μｇ,30.00,16
20250513,2171017F2156,4987080633112,ニコランジル錠５ｍｇ｢サワイ｣,84.00,16
20250513,2149039F2100,4987155592016,ロサルタンＫ錠５０ｍｇ｢トーワ｣,56.00,16
20250513,2149039F3093,4987155593020,ロサルタンＫ錠１００ｍｇ｢トーワ｣,30.00,16
20250513,2359006M1025,4987901110204,アミティーザカプセル２４μｇ,56.00,15
20250513,2133001F1590,4987376007313,スピロノラクトン錠２５ｍｇ｢日医工｣,58.00,16
20250513,3943001F1586,4987080396017,アロプリノール錠１００ｍｇ｢サワイ｣,28.00,16
20250513,2233002F1280,4987080323013,カルボシステイン錠２５０ｍｇ｢サワイ｣,117.00,16
20250513,1249010F1263,4987376357111,チザニジン錠１ｍｇ｢日医工｣,84.00,16
20250513,4490023F1091,4987376556712,フェキソフェナジン塩酸塩錠６０ｍｇ｢ＳＡＮＩＫ｣,56.00,16
20250513,2354003F2367,4987080034711,センノシド錠１２ｍｇ｢サワイ｣,56.00,16
20250513,2123016F3088,4987376075510,ビソプロロールフマル酸塩錠０.６２５ｍｇ｢日医工｣,10.00,16
20250513,2123016F2219,4987376075411,ビソプロロールフマル酸塩錠５ｍｇ｢日医工｣,28.00,16
20250513,2189016F1133,4987080001928,ピタバスタチンＣａ錠１ｍｇ｢サワイ｣,10.00,16
20250513,2189016F2130,4987080002017,ピタバスタチンＣａ錠２ｍｇ｢サワイ｣,28.00,16
20250513,3969018F2029,4987233102878,スーグラ錠５０ｍｇ,56.00,16
20250513,3222013F1157,4987080100119,クエン酸第一鉄Ｎａ錠５０ｍｇ｢サワイ｣　鉄５０ｍｇ,10.00,16
20250513,2344009F2082,4987286113500,酸化マグネシウム錠３３０ｍｇ｢ケンエー｣,20.00,16
20250513,2190006M2233,4987376056229,トコフェロールニコチン酸エステルカプセル２００ｍｇ｢日医工｣,84.00,15
20250513,2149041F2230,4987614412909,バルサルタン錠４０ｍｇ｢サンド｣,28.00,16
20250513,2149041F3236,4987614413012,バルサルタン錠８０ｍｇ｢サンド｣,28.00,16
20250513,6241013F3051,4987081183579,レボフロキサシン錠５００ｍｇ｢ＤＳＥＰ｣　(レボフロキサシンとして),7.00,16
20250513,3969023F1023,4987413300612,ジャディアンス錠１０ｍｇ,30.00,16
20250513,2319001M1353,4987080023616,ロペラミド塩酸塩カプセル１ｍｇ｢サワイ｣,98.00,15
20250513,3399008F1114,4987376097710,クロピドグレル錠２５ｍｇ｢ＳＡＮＩＫ｣,56.00,16
20250513,3399008F2110,4987376097819,クロピドグレル錠７５ｍｇ｢ＳＡＮＩＫ｣,38.00,16
20250513,3969104F2025,4987116530170,エクメット配合錠ＨＤ,56.00,16
20250513,2149114F1188,4987614415511,アムバロ配合錠｢サンド｣,63.00,16
20250513,2149110F2240,4987376085403,ロサルヒド配合錠ＨＤ｢日医工｣,28.00,16
20250513,2149042F2030,4987081186518,テルミサルタン錠４０ｍｇ｢ＤＳＥＰ｣,140.00,16
20250513,2149042F3036,4987081186556,テルミサルタン錠８０ｍｇ｢ＤＳＥＰ｣,28.00,16
20250513,2590007F2290,4987155783049,プロピベリン塩酸塩錠２０ｍｇ｢トーワ｣,28.00,16
20250513,2329021F1331,4987035209713,レバミピド錠１００ｍｇ｢オーツカ｣,182.00,16
20250513,2189017F1030,4987081186907,ロスバスタチン錠２.５ｍｇ｢ＤＳＥＰ｣,58.00,16
20250513,3339002F5025,4987081107032,リクシアナＯＤ錠３０ｍｇ,30.00,16
20250513,3122007F2063,4987155004168,フルスルチアミン錠２５ｍｇ｢トーワ｣,84.00,16
20250513,3969011F1020,4987116530217,エクア錠５０ｍｇ,28.00,16
20250513,2329023F1144,4987123415880,ランソプラゾールＯＤ錠１５ｍｇ｢武田テバ｣,40.00,16
20250513,3969004F3147,4987123416603,ボグリボースＯＤ錠０.２ｍｇ｢武田テバ｣,84.00,16
20250513,1190026F2024,4987081108756,タリージェ錠５ｍｇ,120.00,16
20250513,1149019F1730,4987123417280,ロキソプロフェンＮａ錠６０ｍｇ｢武田テバ｣,326.00,16
20250513,1190027F2029,4987028205630,デエビゴ錠５ｍｇ,10.00,16
20250513,1190019F5031,4987081189700,ガランタミンＯＤ錠８ｍｇ｢ＤＳＥＰ｣,56.00,16
20250513,2190041F3020,4987443384446,エンレスト錠２００ｍｇ,102.00,16
20250513,3999049F2023,4987057649306,ダーブロック錠２ｍｇ,10.00,16
20250513,2190016Q2034,4987086390651,ポリスチレンスルホン酸Ｃａ経口ゼリー２０％分包２５ｇ｢三和｣,30.00,10
20250513,3962002F2124,4987116530323,メトホルミン塩酸塩錠２５０ｍｇＭＴ｢ＤＳＰＢ｣,84.00,16
20250513,3112006M2053,4987155152074,エルデカルシトールカプセル０.７５μｇ｢トーワ｣,12.00,15
20250513,2149032F1170,4987081185481,カルベジロール錠１０ｍｇ｢ＤＳＥＰ｣,60.00,16
20250513,2160006F2073,4987901097802,リザトリプタンＯＤ錠１０ｍｇ｢ＶＴＲＳ｣,30.00,16
20250513,3999013F1410,4987901039406,エパルレスタット錠５０ｍｇ｢ＶＴＲＳ｣,84.00,16
20250513,2139005F1117,4987123875240,フロセミド錠２０ｍｇ｢ＮＩＧ｣,28.00,16
20250513,1190016F1032,4987123002523,ラメルテオン錠８ｍｇ｢武田テバ｣,28.00,16
20250513,2171021F2322,4987123872997,ベニジピン塩酸塩錠４ｍｇ｢ＮＩＧ｣,28.00,16
20250513,1129009F2374,4987123872058,ゾルピデム酒石酸塩錠１０ｍｇ｢ＮＩＧ｣,28.00,16
20250513,3399002F2407,4987123872829,シロスタゾール錠１００ｍｇ｢ＮＩＧ｣,56.00,16
20250513,3399006F2308,4987123873857,サルポグレラート塩酸塩錠１００ｍｇ｢ＮＩＧ｣,42.00,16
20250513,2171022F2483,4987901128605,アムロジピン錠５ｍｇ｢ＶＴＲＳ｣,68.00,16
20250513,2171022F6306,4987901126809,アムロジピンＯＤ錠１０ｍｇ｢ＶＴＲＳ｣,28.00,16
20250513,2149026F2332,4987901129800,ドキサゾシン錠１ｍｇ｢ＶＴＲＳ｣,42.00,16
20250513,2183007G1020,4987770529800,パルモディアＸＲ錠０.２ｍｇ,28.00,16
20250513,2399710E1046,4987222697415,ＳＰトローチ０.２５ｍｇ｢明治｣,150.00,16
20250513,2649729S2169,4987188412077,モーラステープ２０ｍｇ　７ｃｍ×１０ｃｍ,14.00,6
20250513,2260700F1021,4987173015818,アズノールうがい液４％,10.00,36
20250513,2649729S3084,4987188412176,モーラステープＬ４０ｍｇ　１０ｃｍ×１４ｃｍ,84.00,6
20250513,2649735Q1047,4987190065919,ロキソプロフェンＮａゲル１％｢ＮＰ｣,75.00,33
20250513,2646727M1065,4987020021344,アルクロメタゾンプロピオン酸エステル軟膏０.１％｢イワキ｣,10.00,33
20250513,1319706Q3043,4987084313997,ピレノキシン懸濁性点眼液０.００５％｢参天｣　５ｍＬ,2.00,19
20250513,3339950Q1147,4987497308870,ヘパリン類似物質ローション０.３％｢ＮＩＴ｣,100.00,33
20250513,1319762Q2032,4987084316318,エピナスチン塩酸塩ＬＸ点眼液０.１％｢ＳＥＣ｣,10.00,36
20250513,2649735S3292,4987081189960,ロキソプロフェンＮａテープ１００ｍｇ｢ＤＳＥＰ｣　１０ｃｍ×１４ｃｍ,189.00,6
20250513,2492415G1031,4987616002467,ノボラピッド注　フレックスペン　３００単位,7.00,51
20250513,2492417G1030,4987616002481,レベミル注　フレックスペン　３００単位,2.00,51
20250513,2492419G1021,4987616003167,トレシーバ注　フレックスタッチ　３００単位,1.00,51
20250513,2492500G1025,4987616003211,ライゾデグ配合注　フレックスタッチ　３００単位,3.00,51
20250513,,4987616003631,ペンニードルプラス,322.00,7
20250514,2229001F1053,4987858100044,アストミン錠１０ｍｇ,120.00,16
20250514,3992001D1059,4987770528803,アデホスコーワ顆粒１０％,308.00,33
20250514,3992001F1084,4987770504609,アデホスコーワ腸溶錠２０　２０ｍｇ,21.00,16
20250514,2359102X1072,4987047120761,アローゼン顆粒,28.00,33
20250514,1124008F1024,4987028234784,サイレース錠１ｍｇ,28.00,16
20250514,1339002F1438,4987173017720,セファドール錠２５ｍｇ,42.00,16
20250514,5200067D1049,4987138806840,ツムラ芍薬甘草湯エキス顆粒(医療用),210.00,33
20250514,5200130D1060,4987138806246,ツムラ防風通聖散エキス顆粒(医療用),210.00,33
20250514,2221003B2067,4987813741053,メチエフ散１０％,1.25,33
20250514,1179025F1026,4987128006496,デパス錠０.５ｍｇ,28.00,16
20250514,1339100F1038,4987028203063,トラベルミン配合錠,84.00,16
20250514,3327002F1142,4987081153657,トランサミン錠２５０ｍｇ,21.00,16
20250514,1180107D1131,4987087035032,ＰＬ配合顆粒,21.00,33
20250514,2316012A1132,4987306066625,ビオフェルミン配合散,7.00,33
20250514,2223001F2099,4987087025552,メジコン錠１５ｍｇ,105.00,16
20250514,3136004F2138,4987028266563,メチコバール錠５００μｇ　０.５ｍｇ,126.00,16
20250514,1124009F1223,4987413580717,レンドルミン錠０.２５ｍｇ,28.00,16
20250514,6290004M1029,4987672835566,イトリゾールカプセル５０　５０ｍｇ,140.00,15
20250514,4490003R1309,4987080037644,ケトチフェンＤＳ小児用０.１％｢サワイ｣,3.00,33
20250514,1180107D1123,4987155071078,トーワチーム配合顆粒,120.00,33
20250514,1141007F1063,4987896010817,カロナール錠２００　２００ｍｇ,20.00,16
20250514,2431004F1056,4987123155144,チラーヂンＳ錠５０μｇ,180.00,16
20250514,1124008F1067,4987058565032,フルニトラゼパム錠１ｍｇ｢アメル｣,56.00,16
20250514,3399007H1021,4987341103095,バイアスピリン錠１００ｍｇ,42.00,16
20250514,2233002F1174,4987060005366,ムコダイン錠２５０ｍｇ,21.00,16
20250514,2316020F1029,4987306066212,ビオフェルミン錠剤,372.00,16
20250514,2239001N1119,4987080557418,アンブロキソール塩酸塩Ｌカプセル４５ｍｇ｢サワイ｣,35.00,15
20250514,2325003F3124,4987080537113,ファモチジンＤ錠１０ｍｇ｢サワイ｣,56.00,16
20250514,3327002F1169,4987476113310,トラネキサム酸錠２５０ｍｇ｢ＹＤ｣,15.00,16
20250514,2399008F1110,4987080128014,イトプリド塩酸塩錠５０ｍｇ｢サワイ｣,56.00,16
20250514,3969010F2030,4987185809900,ジャヌビア錠５０ｍｇ,163.00,16
20250514,2233002R2037,4987120223808,カルボシステインＤＳ５０％｢タカタ｣,3.00,33
20250514,3961008F1225,4987086170802,グリメピリド錠１ｍｇ｢三和｣,56.00,16
20250514,2590008F2090,4987916002211,タムスロシン塩酸塩ＯＤ錠０.２ｍｇ｢明治｣,56.00,16
20250514,3969007F1130,4987080598015,ピオグリタゾン錠１５ｍｇ｢サワイ｣,28.00,16
20250514,3969014F1024,4987413870511,トラゼンタ錠５ｍｇ,42.00,16
20250514,2329029M2023,4987650706109,ネキシウムカプセル２０ｍｇ,14.00,15
20250514,2590014F2028,4987233103042,ベタニス錠５０ｍｇ,56.00,16
20250514,3969103F2020,4987123150002,リオベル配合錠ＨＤ,28.00,16
20250514,2189011F1203,4987080783015,シンバスタチン錠５ｍｇ｢ＳＷ｣,28.00,16
20250514,2189015F2127,4987376069519,アトルバスタチン錠１０ｍｇ｢日医工｣,126.00,16
20250514,1179025F2197,4987080192015,エチゾラム錠１ｍｇ｢ＳＷ｣,56.00,16
20250514,2149039F2100,4987155592016,ロサルタンＫ錠５０ｍｇ｢トーワ｣,84.00,16
20250514,2133001F1590,4987376007313,スピロノラクトン錠２５ｍｇ｢日医工｣,28.00,16
20250514,2171014G4096,4987155103069,ニフェジピンＣＲ錠２０ｍｇ｢トーワ｣,21.00,16
20250514,3943001F1586,4987080396017,アロプリノール錠１００ｍｇ｢サワイ｣,28.00,16
20250514,2233002F1280,4987080323013,カルボシステイン錠２５０ｍｇ｢サワイ｣,161.00,16
20250514,2233002F2103,4987080324010,カルボシステイン錠５００ｍｇ｢サワイ｣,105.00,16
20250514,2354003F2367,4987080034711,センノシド錠１２ｍｇ｢サワイ｣,56.00,16
20250514,2123016F3088,4987376075510,ビソプロロールフマル酸塩錠０.６２５ｍｇ｢日医工｣,70.00,16
20250514,2189016F2130,4987080002017,ピタバスタチンＣａ錠２ｍｇ｢サワイ｣,40.00,16
20250514,2590016F2027,4987173018536,ザルティア錠５ｍｇ,28.00,16
20250514,3969018F2029,4987233102878,スーグラ錠５０ｍｇ,147.00,16
20250514,2149032F4039,4987080680017,カルベジロール錠２.５ｍｇ｢サワイ｣,112.00,16
20250514,2344009F2082,4987286113500,酸化マグネシウム錠３３０ｍｇ｢ケンエー｣,260.00,16
20250514,2190006M2233,4987376056229,トコフェロールニコチン酸エステルカプセル２００ｍｇ｢日医工｣,84.00,15
20250514,2149041F2230,4987614412909,バルサルタン錠４０ｍｇ｢サンド｣,70.00,16
20250514,2149041F3236,4987614413012,バルサルタン錠８０ｍｇ｢サンド｣,30.00,16
20250514,3949002F2203,4987155067132,ベンズブロマロン錠５０ｍｇ｢トーワ｣,35.00,16
20250514,1141007F3023,4987896011210,カロナール錠５００　５００ｍｇ,28.00,16
20250514,3969023F1023,4987413300612,ジャディアンス錠１０ｍｇ,49.00,16
20250514,2329030F1020,4987123154352,タケキャブ錠１０ｍｇ,28.00,16
20250514,3136004F2278,4987171659304,メコバラミン錠５００μｇ｢ＳＷ｣　０.５ｍｇ,175.00,16
20250514,3969104F2025,4987116530170,エクメット配合錠ＨＤ,224.00,16
20250514,2149114F1188,4987614415511,アムバロ配合錠｢サンド｣,203.00,16
20250514,2149112F2070,4987080344117,バルヒディオ配合錠ＥＸ｢サワイ｣,14.00,16
20250514,2149044F6034,4987081187171,オルメサルタンＯＤ錠２０ｍｇ｢ＤＳＥＰ｣,28.00,16
20250514,2149042F2030,4987081186518,テルミサルタン錠４０ｍｇ｢ＤＳＥＰ｣,159.00,16
20250514,1124009F1398,4987128320011,ブロチゾラム錠０.２５ｍｇ｢ヨシトミ｣,84.00,16
20250514,2329021F1331,4987035209614,レバミピド錠１００ｍｇ｢オーツカ｣,84.00,16
20250514,2329021F1331,4987035209713,レバミピド錠１００ｍｇ｢オーツカ｣,219.00,16
20250514,2189017F1030,4987081186907,ロスバスタチン錠２.５ｍｇ｢ＤＳＥＰ｣,107.00,16
20250514,3339002F5025,4987081107032,リクシアナＯＤ錠３０ｍｇ,28.00,16
20250514,2149046F2046,4987116140294,イルベサルタン錠１００ｍｇ｢ＤＳＰＢ｣,42.00,16
20250514,2149010G1047,4987925106603,セロケンＬ錠１２０ｍｇ,28.00,16
20250514,3969107F1022,4987233105343,スージャヌ配合錠,56.00,16
20250514,2329023F1144,4987123415880,ランソプラゾールＯＤ錠１５ｍｇ｢武田テバ｣,28.00,16
20250514,3969004F4143,4987123416627,ボグリボースＯＤ錠０.３ｍｇ｢武田テバ｣,168.00,16
20250514,1149019F1730,4987123417303,ロキソプロフェンＮａ錠６０ｍｇ｢武田テバ｣,56.00,16
20250514,1149019F1730,4987123417280,ロキソプロフェンＮａ錠６０ｍｇ｢武田テバ｣,20.00,16
20250514,3112001F2060,4987058172384,アルファカルシドール錠０.５μｇ｢アメル｣,28.00,16
20250514,3112001F3066,4987058173381,アルファカルシドール錠１.０μｇ｢アメル｣　１μｇ,28.00,16
20250514,3969013F1038,4987080152118,レパグリニド錠０.２５ｍｇ｢サワイ｣,105.00,16
20250514,2190041F3020,4987443384446,エンレスト錠２００ｍｇ,98.00,16
20250514,2223001C1045,4987271042655,デキストロメトルファン臭化水素酸塩細粒１０％｢ツルハラ｣,0.75,33
20250514,3962002F2124,4987116530323,メトホルミン塩酸塩錠２５０ｍｇＭＴ｢ＤＳＰＢ｣,123.00,16
20250514,3962002F3120,4987116530347,メトホルミン塩酸塩錠５００ｍｇＭＴ｢ＤＳＰＢ｣,28.00,16
20250514,1339005F1482,4987376711005,ベタヒスチンメシル酸塩錠６ｍｇ｢日医工Ｐ｣,56.00,16
20250514,3999018F2192,4987376710015,アレンドロン酸錠３５ｍｇ｢ＮＩＧ｣,5.00,16
20250514,2149032F2176,4987081185597,カルベジロール錠２０ｍｇ｢ＤＳＥＰ｣,70.00,16
20250514,2139008F1072,4987081185337,アゾセミド錠６０ｍｇ｢ＤＳＥＰ｣,70.00,16
20250514,3949003F2046,4987081185740,フェブキソスタット錠２０ｍｇ｢ＤＳＥＰ｣,28.00,16
20250514,2399010F2300,4987901094207,モサプリドクエン酸塩錠５ｍｇ｢ＶＴＲＳ｣,84.00,16
20250514,2329029M2104,4987190020338,エソメプラゾールカプセル２０ｍｇ｢ニプロ｣,89.00,15
20250514,1249009F1511,4987123871051,エペリゾン塩酸塩錠５０ｍｇ｢ＮＩＧ｣,63.00,16
20250514,1339002F1543,4987123873758,ジフェニドール塩酸塩錠２５ｍｇ｢ＮＩＧ｣,147.00,16
20250514,3399006F2308,4987123873857,サルポグレラート塩酸塩錠１００ｍｇ｢ＮＩＧ｣,84.00,16
20250514,2171022F2483,4987901128605,アムロジピン錠５ｍｇ｢ＶＴＲＳ｣,28.00,16
20250514,2171022F2483,4987901128704,アムロジピン錠５ｍｇ｢ＶＴＲＳ｣,84.00,16
20250514,1149037F1224,4987901129107,セレコキシブ錠１００ｍｇ｢ＶＴＲＳ｣,98.00,16
20250514,2149026F2332,4987901129800,ドキサゾシン錠１ｍｇ｢ＶＴＲＳ｣,28.00,16
20250514,2183007G1020,4987770529800,パルモディアＸＲ錠０.２ｍｇ,56.00,16
20250514,6132016F2127,4987155165265,セフカペンピボキシル塩酸塩錠１００ｍｇ｢ＴＷ｣,15.00,16
20250514,3969017F2032,4987080015710,サキサグリプチン錠５ｍｇ｢サワイ｣,28.00,16
20250514,3969011F1080,4987155165241,ビルダグリプチン錠５０ｍｇ｢トーワ｣,40.00,16
20250514,2399710E1046,4987222697415,ＳＰトローチ０.２５ｍｇ｢明治｣,60.00,16
20250514,2649729S2169,4987188412077,モーラステープ２０ｍｇ　７ｃｍ×１０ｃｍ,28.00,6
20250514,3339950Q1074,4987213053510,ヒルドイドローション０.３％,100.00,33
20250514,2260700F1021,4987173015818,アズノールうがい液４％,15.00,36
20250514,2649729S3084,4987188412176,モーラステープＬ４０ｍｇ　１０ｃｍ×１４ｃｍ,98.00,6
20250514,2259704G9033,4987035510611,メプチンエアー１０μｇ吸入１００回　０.０１４３％５ｍＬ,3.00,51
20250514,2699709M1044,4987047107038,タクロリムス軟膏０.１％｢ＰＰ｣,20.00,33
20250514,2649729S3203,4987086533546,ケトプロフェンテープ４０ｍｇ｢三和｣　１０ｃｍ×１４ｃｍ,63.00,6
20250514,1319742Q1284,4987497307217,レボフロキサシン点眼液０.５％｢ニットー｣,10.00,36
20250514,2259707S1225,4987901069601,ツロブテロールテープ０.５ｍｇ｢ＶＴＲＳ｣,5.00,6
20250514,2649735S3292,4987081189960,ロキソプロフェンＮａテープ１００ｍｇ｢ＤＳＥＰ｣　１０ｃｍ×１４ｃｍ,126.00,6
20250514,2492415G1031,4987616002467,ノボラピッド注　フレックスペン　３００単位,5.00,51
20250514,2492419G1021,4987616003167,トレシーバ注　フレックスタッチ　３００単位,2.00,51
20250514,2499416G1029,4987428143303,トルリシティ皮下注０.７５ｍｇアテオス　０.５ｍＬ,3.00,51
20250514,2499422G2020,4987128305216,マンジャロ皮下注５ｍｇアテオス　０.５ｍＬ,2.00,51
20250514,,4987616003631,ペンニードルプラス,70.00,7
20250515,2229001F1053,4987858100044,アストミン錠１０ｍｇ,30.00,16
20250515,3992001D1059,4987770528803,アデホスコーワ顆粒１０％,84.00,33
20250515,2329008C1097,4987376331821,アルサルミン細粒９０％,84.00,33
20250515,2171005F2021,4987770588807,コメリアンコーワ錠１００　１００ｍｇ,84.00,16
20250515,2432001F1033,4987123158831,メルカゾール錠５ｍｇ,28.00,16
20250515,2316004F1020,4987306066984,ビオフェルミンＲ錠,30.00,16
20250515,1180107D1123,4987155071078,トーワチーム配合顆粒,30.00,33
20250515,1180109F1034,4987813702047,ピーエイ配合錠,15.00,16
20250515,1124007F2239,4987376371117,トリアゾラム錠０.２５ｍｇ｢日医工｣,60.00,16
20250515,1141007F1063,4987896010817,カロナール錠２００　２００ｍｇ,3.00,16
20250515,1124008F1067,4987058565032,フルニトラゼパム錠１ｍｇ｢アメル｣,28.00,16
20250515,3399007H1021,4987341103095,バイアスピリン錠１００ｍｇ,84.00,16
20250515,3399100F1116,4987028200079,バファリン配合錠Ａ８１　８１ｍｇ,14.00,16
20250515,3327002F1169,4987476113310,トラネキサム酸錠２５０ｍｇ｢ＹＤ｣,15.00,16
20250515,2399008F1110,4987080128014,イトプリド塩酸塩錠５０ｍｇ｢サワイ｣,60.00,16
20250515,2149047F1028,4987858210125,ラジレス錠１５０ｍｇ,56.00,16
20250515,3969010F2030,4987185809900,ジャヌビア錠５０ｍｇ,84.00,16
20250515,2590008F2090,4987916002211,タムスロシン塩酸塩ＯＤ錠０.２ｍｇ｢明治｣,28.00,16
20250515,2329027F1037,4987080681014,ポラプレジンクＯＤ錠７５ｍｇ｢サワイ｣,56.00,16
20250515,2329028F1104,4987080670018,ラベプラゾールＮａ錠１０ｍｇ｢サワイ｣,56.00,16
20250515,3969102F1020,4987051183127,グルベス配合錠,42.00,16
20250515,2189011F1203,4987080783015,シンバスタチン錠５ｍｇ｢ＳＷ｣,44.00,16
20250515,2189010F2353,4987080774013,プラバスタチンＮａ錠１０ｍｇ｢サワイ｣,28.00,16
20250515,2189015F2127,4987376069519,アトルバスタチン錠１０ｍｇ｢日医工｣,70.00,16
20250515,2149039F1040,4987081182664,ロサルタンＫ錠２５ｍｇ｢ＤＳＥＰ｣,28.00,16
20250515,2149039F2100,4987155592016,ロサルタンＫ錠５０ｍｇ｢トーワ｣,28.00,16
20250515,2133001F1590,4987376007313,スピロノラクトン錠２５ｍｇ｢日医工｣,28.00,16
20250515,2171014G4096,4987155103069,ニフェジピンＣＲ錠２０ｍｇ｢トーワ｣,28.00,16
20250515,3943001F1586,4987080396017,アロプリノール錠１００ｍｇ｢サワイ｣,56.00,16
20250515,2362001F2211,4987080030416,ウルソデオキシコール酸錠１００ｍｇ｢サワイ｣,90.00,16
20250515,2233002F1280,4987080323013,カルボシステイン錠２５０ｍｇ｢サワイ｣,135.00,16
20250515,2129003M2192,4987080033912,メキシレチン塩酸塩カプセル１００ｍｇ｢サワイ｣,56.00,15
20250515,2354003F2367,4987080034711,センノシド錠１２ｍｇ｢サワイ｣,56.00,16
20250515,2123016F3088,4987376075510,ビソプロロールフマル酸塩錠０.６２５ｍｇ｢日医工｣,14.00,16
20250515,2123016F2219,4987376075411,ビソプロロールフマル酸塩錠５ｍｇ｢日医工｣,56.00,16
20250515,1124022F2110,4987080037514,ロラゼパム錠１ｍｇ｢サワイ｣,84.00,16
20250515,3969018F2029,4987233102878,スーグラ錠５０ｍｇ,105.00,16
20250515,3969021F1032,4987770510501,デベルザ錠２０ｍｇ,28.00,16
20250515,1124023F1118,4987080100218,アルプラゾラム錠０.４ｍｇ｢サワイ｣,40.00,16
20250515,3222013F1157,4987080100119,クエン酸第一鉄Ｎａ錠５０ｍｇ｢サワイ｣　鉄５０ｍｇ,56.00,16
20250515,2190006M2233,4987376056229,トコフェロールニコチン酸エステルカプセル２００ｍｇ｢日医工｣,42.00,15
20250515,2399005F2350,4987080103516,ドンペリドン錠１０ｍｇ｢サワイ｣,10.00,16
20250515,2149041F4232,4987614413104,バルサルタン錠１６０ｍｇ｢サンド｣,30.00,16
20250515,6241013F3051,4987081183579,レボフロキサシン錠５００ｍｇ｢ＤＳＥＰ｣　(レボフロキサシンとして),5.00,16
20250515,3969023F1023,4987413300612,ジャディアンス錠１０ｍｇ,28.00,16
20250515,2329030F1020,4987123154352,タケキャブ錠１０ｍｇ,28.00,16
20250515,3136004F2278,4987171659304,メコバラミン錠５００μｇ｢ＳＷ｣　０.５ｍｇ,56.00,16
20250515,2319001M1353,4987080023616,ロペラミド塩酸塩カプセル１ｍｇ｢サワイ｣,20.00,15
20250515,3969104F2025,4987116530170,エクメット配合錠ＨＤ,98.00,16
20250515,3969025F2029,4987051276331,マリゼブ錠２５ｍｇ,4.00,16
20250515,2190103F1038,4987081184477,アマルエット配合錠３番｢ＤＳＥＰ｣,28.00,16
20250515,2149114F1188,4987614415511,アムバロ配合錠｢サンド｣,126.00,16
20250515,2149116F2035,4987123159166,カムシア配合錠ＨＤ｢あすか｣,28.00,16
20250515,2149116F1039,4987123159104,カムシア配合錠ＬＤ｢あすか｣,35.00,16
20250515,4490033F1028,4987222682152,ビラノア錠２０ｍｇ,42.00,16
20250515,2132003F3055,4987155412031,トリクロルメチアジド錠１ｍｇ｢トーワ｣,14.00,16
20250515,2149042F2030,4987081186518,テルミサルタン錠４０ｍｇ｢ＤＳＥＰ｣,112.00,16
20250515,1124009F1398,4987128320011,ブロチゾラム錠０.２５ｍｇ｢ヨシトミ｣,28.00,16
20250515,2590007F2290,4987155783049,プロピベリン塩酸塩錠２０ｍｇ｢トーワ｣,28.00,16
20250515,3131002F1330,4987060307354,リボフラビン酪酸エステル錠２０ｍｇ｢杏林｣,56.00,16
20250515,2329021F1331,4987035209713,レバミピド錠１００ｍｇ｢オーツカ｣,60.00,16
20250515,2189017F1030,4987081186907,ロスバスタチン錠２.５ｍｇ｢ＤＳＥＰ｣,84.00,16
20250515,3339002F4029,4987081106998,リクシアナＯＤ錠１５ｍｇ,28.00,16
20250515,3122007F2063,4987155004168,フルスルチアミン錠２５ｍｇ｢トーワ｣,189.00,16
20250515,3969012F3028,4987123149402,ネシーナ錠２５ｍｇ,14.00,16
20250515,3962002F2027,4987116530002,メトグルコ錠２５０ｍｇ,84.00,16
20250515,2329023F1144,4987123415880,ランソプラゾールＯＤ錠１５ｍｇ｢武田テバ｣,56.00,16
20250515,3969004F4143,4987123416634,ボグリボースＯＤ錠０.３ｍｇ｢武田テバ｣,84.00,16
20250515,1149019F1730,4987123417280,ロキソプロフェンＮａ錠６０ｍｇ｢武田テバ｣,70.00,16
20250515,3999027F1039,4987080199113,バゼドキシフェン錠２０ｍｇ｢サワイ｣,14.00,16
20250515,3969013F1038,4987080152118,レパグリニド錠０.２５ｍｇ｢サワイ｣,84.00,16
20250515,2190041F3020,4987443384446,エンレスト錠２００ｍｇ,112.00,16
20250515,3999049F2023,4987057649306,ダーブロック錠２ｍｇ,28.00,16
20250515,3962002F3120,4987116530347,メトホルミン塩酸塩錠５００ｍｇＭＴ｢ＤＳＰＢ｣,56.00,16
20250515,3112006M2053,4987155152074,エルデカルシトールカプセル０.７５μｇ｢トーワ｣,72.00,15
20250515,2149032F1170,4987081185481,カルベジロール錠１０ｍｇ｢ＤＳＥＰ｣,28.00,16
20250515,2590011F4078,4987376349901,ソリフェナシンコハク酸塩ＯＤ錠５ｍｇ｢日医工｣,63.00,16
20250515,2139008F1072,4987081185337,アゾセミド錠６０ｍｇ｢ＤＳＥＰ｣,28.00,16
20250515,3949003F1040,4987081185719,フェブキソスタット錠１０ｍｇ｢ＤＳＥＰ｣,56.00,16
20250515,1339002F1543,4987123873758,ジフェニドール塩酸塩錠２５ｍｇ｢ＮＩＧ｣,168.00,16
20250515,1129009F2374,4987123872058,ゾルピデム酒石酸塩錠１０ｍｇ｢ＮＩＧ｣,30.00,16
20250515,2139011F4065,4987035622611,トルバプタンＯＤ錠１５ｍｇ｢オーツカ｣,28.00,16
20250515,2149048F1065,4987123003452,アジルサルタン錠２０ｍｇ｢武田テバ｣,28.00,16
20250515,2171022F1487,4987901128209,アムロジピン錠２.５ｍｇ｢ＶＴＲＳ｣,28.00,16
20250515,2171022F2483,4987901128605,アムロジピン錠５ｍｇ｢ＶＴＲＳ｣,58.00,16
20250515,2149026F2332,4987901129800,ドキサゾシン錠１ｍｇ｢ＶＴＲＳ｣,28.00,16
20250515,2183007G1020,4987770529800,パルモディアＸＲ錠０.２ｍｇ,28.00,16
20250515,6132016F2127,4987155165265,セフカペンピボキシル塩酸塩錠１００ｍｇ｢ＴＷ｣,30.00,16
20250515,2189102F2047,4987080012719,エゼロス配合錠ＨＤ｢サワイ｣,28.00,16
20250515,3969011F1080,4987155165241,ビルダグリプチン錠５０ｍｇ｢トーワ｣,28.00,16
20250515,2647709N1060,4987087003871,リンデロン−ＶＧクリーム０.１２％,25.00,33
20250515,1329705Q1310,4987080038016,ケトチフェン点鼻液０.０５％｢サワイ｣　６.０４８ｍｇ８ｍＬ,2.00,19
20250515,2649729S2274,4987086533485,ケトプロフェンテープ２０ｍｇ｢三和｣　７ｃｍ×１０ｃｍ,35.00,6
20250515,1319742Q1284,4987497307217,レボフロキサシン点眼液０.５％｢ニットー｣,10.00,36
20250515,2649735S3292,4987081189960,ロキソプロフェンＮａテープ１００ｍｇ｢ＤＳＥＰ｣　１０ｃｍ×１４ｃｍ,126.00,6
20250515,2492500G1025,4987616003211,ライゾデグ配合注　フレックスタッチ　３００単位,9.00,51
20250515,2499418G4027,4987616003655,オゼンピック皮下注２ｍｇ　１.５ｍＬ,1.00,51
20250515,,4987616003631,ペンニードルプラス,210.00,7
20250516,2229001F1053,4987858100044,アストミン錠１０ｍｇ,75.00,16
20250516,2123014F2201,4987116140218,アロチノロール塩酸塩錠１０ｍｇ｢ＤＳＰ｣,28.00,16
20250516,2432001F1033,4987123158831,メルカゾール錠５ｍｇ,28.00,16
20250516,1180107D1131,4987087035049,ＰＬ配合顆粒,15.00,33
20250516,2316004F1020,4987306066984,ビオフェルミンＲ錠,21.00,16
20250516,2354003F2316,4987047211346,プルゼニド錠１２ｍｇ,60.00,16
20250516,2249001F3032,4987925113625,レスプレン錠３０ｍｇ,15.00,16
20250516,1149019F1560,4987081105403,ロキソニン錠６０ｍｇ,56.00,16
20250516,1180107D1123,4987155071078,トーワチーム配合顆粒,90.00,33
20250516,1141007F1063,4987896010817,カロナール錠２００　２００ｍｇ,3.00,16
20250516,1124008F1067,4987058565032,フルニトラゼパム錠１ｍｇ｢アメル｣,28.00,16
20250516,3399007H1021,4987341103095,バイアスピリン錠１００ｍｇ,14.00,16
20250516,2233002F1174,4987060005366,ムコダイン錠２５０ｍｇ,15.00,16
20250516,2316020F1029,4987306066212,ビオフェルミン錠剤,56.00,16
20250516,3327002F1169,4987476113310,トラネキサム酸錠２５０ｍｇ｢ＹＤ｣,75.00,16
20250516,3160002M2095,4987476111514,メナテトレノンカプセル１５ｍｇ｢ＹＤ｣,60.00,15
20250516,3969010F2030,4987185809900,ジャヌビア錠５０ｍｇ,100.00,16
20250516,3961008F3040,4987086170741,グリメピリド錠０.５ｍｇ｢三和｣,30.00,16
20250516,3961008F1225,4987086170802,グリメピリド錠１ｍｇ｢三和｣,60.00,16
20250516,3969102F1020,4987051183127,グルベス配合錠,126.00,16
20250516,3969014F1024,4987413870511,トラゼンタ錠５ｍｇ,28.00,16
20250516,2189010F2353,4987080774013,プラバスタチンＮａ錠１０ｍｇ｢サワイ｣,58.00,16
20250516,2189015F1120,4987376069410,アトルバスタチン錠５ｍｇ｢日医工｣,63.00,16
20250516,1179025F1239,4987080190011,エチゾラム錠０.５ｍｇ｢ＳＷ｣,28.00,16
20250516,2149039F2100,4987155592016,ロサルタンＫ錠５０ｍｇ｢トーワ｣,28.00,16
20250516,1190012F4319,4987614410608,ドネペジル塩酸塩ＯＤ錠５ｍｇ｢サンド｣,28.00,16
20250516,2362001F2211,4987080030416,ウルソデオキシコール酸錠１００ｍｇ｢サワイ｣,240.00,16
20250516,2233002F1280,4987080323013,カルボシステイン錠２５０ｍｇ｢サワイ｣,90.00,16
20250516,4490023F1091,4987376556712,フェキソフェナジン塩酸塩錠６０ｍｇ｢ＳＡＮＩＫ｣,56.00,16
20250516,2354003F2367,4987080034711,センノシド錠１２ｍｇ｢サワイ｣,56.00,16
20250516,3969018F2029,4987233102878,スーグラ錠５０ｍｇ,126.00,16
20250516,2149040F3037,4987123157575,カンデサルタン錠８ｍｇ｢あすか｣,28.00,16
20250516,3222013F1157,4987080100119,クエン酸第一鉄Ｎａ錠５０ｍｇ｢サワイ｣　鉄５０ｍｇ,56.00,16
20250516,2344009F2082,4987286113500,酸化マグネシウム錠３３０ｍｇ｢ケンエー｣,84.00,16
20250516,2399005F2350,4987080103516,ドンペリドン錠１０ｍｇ｢サワイ｣,26.00,16
20250516,6241013F3051,4987081183579,レボフロキサシン錠５００ｍｇ｢ＤＳＥＰ｣　(レボフロキサシンとして),7.00,16
20250516,2329030F1020,4987123154352,タケキャブ錠１０ｍｇ,63.00,16
20250516,3136004F2278,4987171659304,メコバラミン錠５００μｇ｢ＳＷ｣　０.５ｍｇ,60.00,16
20250516,3399008F2110,4987376097819,クロピドグレル錠７５ｍｇ｢ＳＡＮＩＫ｣,65.00,16
20250516,3969104F2025,4987116530170,エクメット配合錠ＨＤ,224.00,16
20250516,2190103F1038,4987081184477,アマルエット配合錠３番｢ＤＳＥＰ｣,14.00,16
20250516,2149114F1188,4987614415511,アムバロ配合錠｢サンド｣,90.00,16
20250516,4490033F1028,4987222682152,ビラノア錠２０ｍｇ,84.00,16
20250516,2149117F2030,4987081186853,テラムロ配合錠ＢＰ｢ＤＳＥＰ｣,28.00,16
20250516,2149042F2030,4987081186518,テルミサルタン錠４０ｍｇ｢ＤＳＥＰ｣,28.00,16
20250516,2329021F1331,4987035209713,レバミピド錠１００ｍｇ｢オーツカ｣,84.00,16
20250516,2189017F1030,4987081186907,ロスバスタチン錠２.５ｍｇ｢ＤＳＥＰ｣,156.00,16
20250516,2149010G1047,4987925106603,セロケンＬ錠１２０ｍｇ,28.00,16
20250516,2359008F1025,4987699050027,グーフィス錠５ｍｇ,28.00,16
20250516,3969107F1022,4987233105343,スージャヌ配合錠,74.00,16
20250516,3969004F4143,4987123416627,ボグリボースＯＤ錠０.３ｍｇ｢武田テバ｣,300.00,16
20250516,1149019F1730,4987123417303,ロキソプロフェンＮａ錠６０ｍｇ｢武田テバ｣,28.00,16
20250516,3112001F1063,4987058171387,アルファカルシドール錠０.２５μｇ｢アメル｣,60.00,16
20250516,3112001F3066,4987058173381,アルファカルシドール錠１.０μｇ｢アメル｣　１μｇ,28.00,16
20250516,3969013F1038,4987080152118,レパグリニド錠０.２５ｍｇ｢サワイ｣,84.00,16
20250516,2190041F3020,4987443384446,エンレスト錠２００ｍｇ,42.00,16
20250516,2149121F2079,4987123001175,ジルムロ配合錠ＨＤ｢武田テバ｣,35.00,16
20250516,3112006M2053,4987155152074,エルデカルシトールカプセル０.７５μｇ｢トーワ｣,28.00,15
20250516,3949003F1040,4987081185719,フェブキソスタット錠１０ｍｇ｢ＤＳＥＰ｣,112.00,16
20250516,2139005F2474,4987123875271,フロセミド錠４０ｍｇ｢ＮＩＧ｣,84.00,16
20250516,2329029M2104,4987190020338,エソメプラゾールカプセル２０ｍｇ｢ニプロ｣,14.00,15
20250516,2149048F1065,4987123003452,アジルサルタン錠２０ｍｇ｢武田テバ｣,42.00,16
20250516,2491001F6273,4987123872645,カリジノゲナーゼ錠５０単位｢ＮＩＧ｣,84.00,16
20250516,2171022F1487,4987901128209,アムロジピン錠２.５ｍｇ｢ＶＴＲＳ｣,126.00,16
20250516,2171022F2483,4987901128605,アムロジピン錠５ｍｇ｢ＶＴＲＳ｣,196.00,16
20250516,2171022F2483,4987901128704,アムロジピン錠５ｍｇ｢ＶＴＲＳ｣,58.00,16
20250516,2183007G1020,4987770529800,パルモディアＸＲ錠０.２ｍｇ,60.00,16
20250516,6132016F2127,4987155165265,セフカペンピボキシル塩酸塩錠１００ｍｇ｢ＴＷ｣,30.00,16
20250516,3969011F1080,4987155165241,ビルダグリプチン錠５０ｍｇ｢トーワ｣,28.00,16
20250516,2399710E1046,4987222697415,ＳＰトローチ０.２５ｍｇ｢明治｣,120.00,16
20250516,2634710M1077,4987120263002,ゲンタシン軟膏０.１％　１ｍｇ,10.00,33
20250516,2647709N1060,4987087003871,リンデロン−ＶＧクリーム０.１２％,15.00,33
20250516,2649858M1036,4987387591429,スチックゼノールＡ,200.00,33
20250516,2260700F1021,4987173015818,アズノールうがい液４％,10.00,36
20250516,2260701F1409,4987222671422,ポビドンヨードガーグル液７％｢明治｣,30.00,36
20250516,2259707S3228,4987901069809,ツロブテロールテープ２ｍｇ｢ＶＴＲＳ｣,5.00,6
20250516,1319762Q2032,4987084316318,エピナスチン塩酸塩ＬＸ点眼液０.１％｢ＳＥＣ｣,10.00,36
20250516,2649735S2296,4987081189939,ロキソプロフェンＮａテープ５０ｍｇ｢ＤＳＥＰ｣　７ｃｍ×１０ｃｍ,63.00,6
20250516,2649735S3292,4987081189960,ロキソプロフェンＮａテープ１００ｍｇ｢ＤＳＥＰ｣　１０ｃｍ×１４ｃｍ,287.00,6
20250516,2492415G1031,4987616002467,ノボラピッド注　フレックスペン　３００単位,12.00,51
20250516,2492419G1021,4987616003167,トレシーバ注　フレックスタッチ　３００単位,5.00,51
20250516,2492500G1025,4987616003211,ライゾデグ配合注　フレックスタッチ　３００単位,4.00,51
20250516,2499418G4027,4987616003655,オゼンピック皮下注２ｍｇ　１.５ｍＬ,1.00,51
20250516,2499422G2020,4987128305216,マンジャロ皮下注５ｍｇアテオス　０.５ｍＬ,4.00,51
20250516,,4987616003631,ペンニードルプラス,210.00,7
20250517,2229001F1053,4987858100044,アストミン錠１０ｍｇ,30.00,16
20250517,2123014F2201,4987116140218,アロチノロール塩酸塩錠１０ｍｇ｢ＤＳＰ｣,28.00,16
20250517,2432001F1033,4987123158831,メルカゾール錠５ｍｇ,90.00,16
20250517,1180107D1123,4987155071078,トーワチーム配合顆粒,15.00,33
20250517,1180109F1034,4987813702047,ピーエイ配合錠,15.00,16
20250517,1124008F1067,4987058565032,フルニトラゼパム錠１ｍｇ｢アメル｣,28.00,16
20250517,2316020F1029,4987306066212,ビオフェルミン錠剤,90.00,16
20250517,3327002F1169,4987476113310,トラネキサム酸錠２５０ｍｇ｢ＹＤ｣,15.00,16
20250517,4490019F4108,4987080120018,エバスチンＯＤ錠１０ｍｇ｢サワイ｣,28.00,16
20250517,3969010F2030,4987185809900,ジャヌビア錠５０ｍｇ,128.00,16
20250517,1179025F1239,4987080190011,エチゾラム錠０.５ｍｇ｢ＳＷ｣,56.00,16
20250517,2149039F2100,4987155592016,ロサルタンＫ錠５０ｍｇ｢トーワ｣,14.00,16
20250517,2171014G4096,4987155103069,ニフェジピンＣＲ錠２０ｍｇ｢トーワ｣,28.00,16
20250517,3943001F1586,4987080396017,アロプリノール錠１００ｍｇ｢サワイ｣,56.00,16
20250517,2233002F1280,4987080323013,カルボシステイン錠２５０ｍｇ｢サワイ｣,30.00,16
20250517,2123016F1131,4987376075312,ビソプロロールフマル酸塩錠２.５ｍｇ｢日医工｣,28.00,16
20250517,3969018F2029,4987233102878,スーグラ錠５０ｍｇ,126.00,16
20250517,3399102F1026,4987123154185,タケルダ配合錠,28.00,16
20250517,2149032F4039,4987080680017,カルベジロール錠２.５ｍｇ｢サワイ｣,30.00,16
20250517,2149041F3236,4987614413012,バルサルタン錠８０ｍｇ｢サンド｣,65.00,16
20250517,2149041F3236,4987614413005,バルサルタン錠８０ｍｇ｢サンド｣,28.00,16
20250517,1179002F1122,4987080303114,アミトリプチリン塩酸塩錠１０ｍｇ｢サワイ｣,35.00,16
20250517,2329030F1020,4987123154352,タケキャブ錠１０ｍｇ,30.00,16
20250517,3136004F2278,4987171659304,メコバラミン錠５００μｇ｢ＳＷ｣　０.５ｍｇ,84.00,16
20250517,3399008F2110,4987376097819,クロピドグレル錠７５ｍｇ｢ＳＡＮＩＫ｣,28.00,16
20250517,3969104F2025,4987116530170,エクメット配合錠ＨＤ,112.00,16
20250517,3969104F1029,4987116530132,エクメット配合錠ＬＤ,56.00,16
20250517,2149114F1188,4987614415511,アムバロ配合錠｢サンド｣,126.00,16
20250517,2149110F2240,4987376085403,ロサルヒド配合錠ＨＤ｢日医工｣,28.00,16
20250517,4490033F1028,4987222682152,ビラノア錠２０ｍｇ,28.00,16
20250517,2149044F7030,4987081187249,オルメサルタンＯＤ錠４０ｍｇ｢ＤＳＥＰ｣,30.00,16
20250517,2149042F2030,4987081186518,テルミサルタン錠４０ｍｇ｢ＤＳＥＰ｣,70.00,16
20250517,1124009F1398,4987128320011,ブロチゾラム錠０.２５ｍｇ｢ヨシトミ｣,14.00,16
20250517,2329021F1331,4987035209614,レバミピド錠１００ｍｇ｢オーツカ｣,42.00,16
20250517,2189017F1030,4987081186907,ロスバスタチン錠２.５ｍｇ｢ＤＳＥＰ｣,177.00,16
20250517,2329012M1374,4987476119862,テプレノンカプセル５０ｍｇ｢ＹＤ｣,84.00,15
20250517,3969012F3028,4987123149402,ネシーナ錠２５ｍｇ,28.00,16
20250517,3969107F1022,4987233105343,スージャヌ配合錠,63.00,16
20250517,2329023F1144,4987123415880,ランソプラゾールＯＤ錠１５ｍｇ｢武田テバ｣,35.00,16
20250517,3969004F4143,4987123416634,ボグリボースＯＤ錠０.３ｍｇ｢武田テバ｣,105.00,16
20250517,1149019F1730,4987123417303,ロキソプロフェンＮａ錠６０ｍｇ｢武田テバ｣,42.00,16
20250517,1149019F1730,4987123417280,ロキソプロフェンＮａ錠６０ｍｇ｢武田テバ｣,84.00,16
20250517,1190027F2029,4987028205630,デエビゴ錠５ｍｇ,35.00,16
20250517,3969013F1038,4987080152118,レパグリニド錠０.２５ｍｇ｢サワイ｣,28.00,16
20250517,3962002F2124,4987116530323,メトホルミン塩酸塩錠２５０ｍｇＭＴ｢ＤＳＰＢ｣,132.00,16
20250517,3962002F3120,4987116530347,メトホルミン塩酸塩錠５００ｍｇＭＴ｢ＤＳＰＢ｣,182.00,16
20250517,2149121F2079,4987123001175,ジルムロ配合錠ＨＤ｢武田テバ｣,28.00,16
20250517,3949003F1040,4987081185719,フェブキソスタット錠１０ｍｇ｢ＤＳＥＰ｣,93.00,16
20250517,3949003F2046,4987081185740,フェブキソスタット錠２０ｍｇ｢ＤＳＥＰ｣,28.00,16
20250517,2139005F2474,4987123875271,フロセミド錠４０ｍｇ｢ＮＩＧ｣,30.00,16
20250517,2171022F2483,4987901128605,アムロジピン錠５ｍｇ｢ＶＴＲＳ｣,63.00,16
20250517,2149026F2332,4987901129800,ドキサゾシン錠１ｍｇ｢ＶＴＲＳ｣,84.00,16
20250517,2183007G1020,4987770529800,パルモディアＸＲ錠０.２ｍｇ,28.00,16
20250517,6132016F2127,4987155165265,セフカペンピボキシル塩酸塩錠１００ｍｇ｢ＴＷ｣,15.00,16
20250517,3969011F1080,4987155165241,ビルダグリプチン錠５０ｍｇ｢トーワ｣,112.00,16
20250517,3339003F2047,4987081187331,リバーロキサバン錠１５ｍｇ｢バイエル｣,28.00,16
20250517,2399710E1046,4987222697415,ＳＰトローチ０.２５ｍｇ｢明治｣,30.00,16
20250517,2647709N1060,4987087003871,リンデロン−ＶＧクリーム０.１２％,45.00,33
20250517,1259700Q1027,4987042143116,エクロックゲル５％,40.00,33
20250517,1319706Q3043,4987084313997,ピレノキシン懸濁性点眼液０.００５％｢参天｣　５ｍＬ,2.00,19
20250517,2259707S3228,4987901069809,ツロブテロールテープ２ｍｇ｢ＶＴＲＳ｣,5.00,6
20250517,3339950Q1147,4987497308856,ヘパリン類似物質ローション０.３％｢ＮＩＴ｣,50.00,33
20250517,1319762Q2032,4987084316318,エピナスチン塩酸塩ＬＸ点眼液０.１％｢ＳＥＣ｣,10.00,36
20250517,2649735S2296,4987081189939,ロキソプロフェンＮａテープ５０ｍｇ｢ＤＳＥＰ｣　７ｃｍ×１０ｃｍ,126.00,6
20250517,2649735S3292,4987081189960,ロキソプロフェンＮａテープ１００ｍｇ｢ＤＳＥＰ｣　１０ｃｍ×１４ｃｍ,126.00,6
20250517,2492415G1031,4987616002467,ノボラピッド注　フレックスペン　３００単位,5.00,51
20250517,2492416G2024,4987199101854,ランタス注ソロスター　３００単位,2.00,51
20250517,2499416G1029,4987428143303,トルリシティ皮下注０.７５ｍｇアテオス　０.５ｍＬ,4.00,51
20250517,2492415G4022,4987616002849,ノボラピッド５０ミックス注フレックスペン３００単位,3.00,51
20250517,2499422G2020,4987128305216,マンジャロ皮下注５ｍｇアテオス　０.５ｍＬ,2.00,51
20250517,,4987616003631,ペンニードルプラス,140.00,7
20250519,2229001F1053,4987858100044,アストミン錠１０ｍｇ,126.00,16
20250519,5200092D1020,4987138810045,ツムラ大建中湯エキス顆粒(医療用),1230.00,33
20250519,1179025F1026,4987128006496,デパス錠０.５ｍｇ,28.00,16
20250519,1179025F2022,4987128006502,デパス錠１ｍｇ,28.00,16
20250519,3133001F4020,4987274129759,パントシン錠２００　２００ｍｇ,246.00,16
20250519,2316004F1020,4987306066984,ビオフェルミンＲ錠,15.00,16
20250519,3222007G1033,4987901117500,フェロ・グラデュメット錠１０５ｍｇ,56.00,16
20250519,6149003F2038,4987306017221,クラリス錠２００　２００ｍｇ,10.00,16
20250519,2171022F2025,4987901008303,ノルバスク錠５ｍｇ,28.00,16
20250519,1180107D1123,4987155071078,トーワチーム配合顆粒,96.00,33
20250519,1180109F1034,4987813702047,ピーエイ配合錠,15.00,16
20250519,1141007F1063,4987896010817,カロナール錠２００　２００ｍｇ,87.00,16
20250519,2456001F2023,4987153136632,プレドニゾロン錠１ｍｇ(旭化成),140.00,16
20250519,3969007F2020,4987123136297,アクトス錠３０　３０ｍｇ,28.00,16
20250519,1124008F1067,4987058565032,フルニトラゼパム錠１ｍｇ｢アメル｣,84.00,16
20250519,3399007H1021,4987341103095,バイアスピリン錠１００ｍｇ,28.00,16
20250519,2316020F1029,4987306066212,ビオフェルミン錠剤,84.00,16
20250519,2171014G5068,4987080556114,ニフェジピンＣＲ錠４０ｍｇ｢サワイ｣,28.00,16
20250519,3327002F1169,4987476113310,トラネキサム酸錠２５０ｍｇ｢ＹＤ｣,15.00,16
20250519,3969010F2030,4987185809900,ジャヌビア錠５０ｍｇ,100.00,16
20250519,3969007F1130,4987080598015,ピオグリタゾン錠１５ｍｇ｢サワイ｣,28.00,16
20250519,3969102F1020,4987051183127,グルベス配合錠,90.00,16
20250519,2189010F2353,4987080774013,プラバスタチンＮａ錠１０ｍｇ｢サワイ｣,28.00,16
20250519,2189015F2127,4987376069519,アトルバスタチン錠１０ｍｇ｢日医工｣,56.00,16
20250519,1179025F1239,4987080190011,エチゾラム錠０.５ｍｇ｢ＳＷ｣,42.00,16
20250519,2149039F2100,4987155592016,ロサルタンＫ錠５０ｍｇ｢トーワ｣,56.00,16
20250519,2149039F3093,4987155593020,ロサルタンＫ錠１００ｍｇ｢トーワ｣,28.00,16
20250519,3969015F1029,4987128144327,テネリア錠２０ｍｇ,28.00,16
20250519,3943001F1586,4987080396017,アロプリノール錠１００ｍｇ｢サワイ｣,28.00,16
20250519,2233002F1280,4987080323013,カルボシステイン錠２５０ｍｇ｢サワイ｣,105.00,16
20250519,3133001F3163,4987376086011,パンテチン錠１００ｍｇ｢ＹＤ｣,56.00,16
20250519,4490023F1091,4987376556712,フェキソフェナジン塩酸塩錠６０ｍｇ｢ＳＡＮＩＫ｣,172.00,16
20250519,2354003F2367,4987080034711,センノシド錠１２ｍｇ｢サワイ｣,144.00,16
20250519,2123016F1131,4987376075312,ビソプロロールフマル酸塩錠２.５ｍｇ｢日医工｣,28.00,16
20250519,2189016F2130,4987080002017,ピタバスタチンＣａ錠２ｍｇ｢サワイ｣,58.00,16
20250519,3969018F2029,4987233102878,スーグラ錠５０ｍｇ,116.00,16
20250519,2344009F2082,4987286113500,酸化マグネシウム錠３３０ｍｇ｢ケンエー｣,140.00,16
20250519,2190006M2233,4987376056212,トコフェロールニコチン酸エステルカプセル２００ｍｇ｢日医工｣,84.00,15
20250519,2399005F2350,4987080103516,ドンペリドン錠１０ｍｇ｢サワイ｣,89.00,16
20250519,2149041F2230,4987614412909,バルサルタン錠４０ｍｇ｢サンド｣,28.00,16
20250519,2149041F3236,4987614413012,バルサルタン錠８０ｍｇ｢サンド｣,56.00,16
20250519,2149110F1287,4987376085519,ロサルヒド配合錠ＬＤ｢日医工｣,35.00,16
20250519,6241013F3051,4987081183579,レボフロキサシン錠５００ｍｇ｢ＤＳＥＰ｣　(レボフロキサシンとして),12.00,16
20250519,2329030F1020,4987123154352,タケキャブ錠１０ｍｇ,58.00,16
20250519,2319001M1353,4987080023616,ロペラミド塩酸塩カプセル１ｍｇ｢サワイ｣,10.00,15
20250519,3399008F1114,4987376097710,クロピドグレル錠２５ｍｇ｢ＳＡＮＩＫ｣,28.00,16
20250519,3399008F2110,4987376097819,クロピドグレル錠７５ｍｇ｢ＳＡＮＩＫ｣,28.00,16
20250519,3969104F2025,4987116530170,エクメット配合錠ＨＤ,126.00,16
20250519,3969104F1029,4987116530132,エクメット配合錠ＬＤ,98.00,16
20250519,2149114F1188,4987614415511,アムバロ配合錠｢サンド｣,126.00,16
20250519,4490033F1028,4987222682152,ビラノア錠２０ｍｇ,58.00,16
20250519,2149113F1035,4987081186655,テルチア配合錠ＡＰ｢ＤＳＥＰ｣,28.00,16
20250519,2149042F2030,4987081186518,テルミサルタン錠４０ｍｇ｢ＤＳＥＰ｣,116.00,16
20250519,1124009F1398,4987128320011,ブロチゾラム錠０.２５ｍｇ｢ヨシトミ｣,56.00,16
20250519,2590007F2290,4987155783049,プロピベリン塩酸塩錠２０ｍｇ｢トーワ｣,30.00,16
20250519,2329021F1331,4987035209713,レバミピド錠１００ｍｇ｢オーツカ｣,252.00,16
20250519,2189017F2037,4987081187003,ロスバスタチン錠５ｍｇ｢ＤＳＥＰ｣,28.00,16
20250519,2149010G1047,4987925106603,セロケンＬ錠１２０ｍｇ,30.00,16
20250519,3962002F2027,4987116530002,メトグルコ錠２５０ｍｇ,168.00,16
20250519,2359008F1025,4987699050027,グーフィス錠５ｍｇ,56.00,16
20250519,3969107F1022,4987233105343,スージャヌ配合錠,28.00,16
20250519,2329023F1144,4987123415880,ランソプラゾールＯＤ錠１５ｍｇ｢武田テバ｣,28.00,16
20250519,2590017F1025,4987060008688,ベオーバ錠５０ｍｇ,28.00,16
20250519,3969004F4143,4987123416627,ボグリボースＯＤ錠０.３ｍｇ｢武田テバ｣,84.00,16
20250519,1149019F1730,4987123417280,ロキソプロフェンＮａ錠６０ｍｇ｢武田テバ｣,191.00,16
20250519,2189018F1035,4987081189458,エゼチミブ錠１０ｍｇ｢ＤＳＥＰ｣,56.00,16
20250519,3962002F2124,4987116530323,メトホルミン塩酸塩錠２５０ｍｇＭＴ｢ＤＳＰＢ｣,112.00,16
20250519,1179052F3034,4987222001755,デュロキセチンＯＤ錠２０ｍｇ｢明治｣,56.00,16
20250519,3112006M2053,4987155152074,エルデカルシトールカプセル０.７５μｇ｢トーワ｣,65.00,15
20250519,6250019F1365,4987614439401,バラシクロビル錠５００ｍｇ｢ＳＰＫＫ｣,42.00,16
20250519,2160003F1170,4987901063005,スマトリプタン錠５０ｍｇ｢ＶＴＲＳ｣,24.00,16
20250519,3949003F1040,4987081185719,フェブキソスタット錠１０ｍｇ｢ＤＳＥＰ｣,28.00,16
20250519,2139005F2474,4987123875271,フロセミド錠４０ｍｇ｢ＮＩＧ｣,28.00,16
20250519,2399010F2300,4987901094207,モサプリドクエン酸塩錠５ｍｇ｢ＶＴＲＳ｣,56.00,16
20250519,2171021F2322,4987123872997,ベニジピン塩酸塩錠４ｍｇ｢ＮＩＧ｣,28.00,16
20250519,2329029M2104,4987190020338,エソメプラゾールカプセル２０ｍｇ｢ニプロ｣,56.00,15
20250519,1129009F2374,4987123872058,ゾルピデム酒石酸塩錠１０ｍｇ｢ＮＩＧ｣,28.00,16
20250519,3399002F1370,4987123872812,シロスタゾール錠５０ｍｇ｢ＮＩＧ｣,56.00,16
20250519,2171022F1487,4987901128209,アムロジピン錠２.５ｍｇ｢ＶＴＲＳ｣,28.00,16
20250519,2171022F2483,4987901128605,アムロジピン錠５ｍｇ｢ＶＴＲＳ｣,28.00,16
20250519,2171022F2483,4987901128704,アムロジピン錠５ｍｇ｢ＶＴＲＳ｣,10.00,16
20250519,2171022F6306,4987901126809,アムロジピンＯＤ錠１０ｍｇ｢ＶＴＲＳ｣,28.00,16
20250519,1149037F1224,4987901129107,セレコキシブ錠１００ｍｇ｢ＶＴＲＳ｣,56.00,16
20250519,2183007G1020,4987770529800,パルモディアＸＲ錠０.２ｍｇ,28.00,16
20250519,6132016F2127,4987155165265,セフカペンピボキシル塩酸塩錠１００ｍｇ｢ＴＷ｣,30.00,16
20250519,3969011F1080,4987155165241,ビルダグリプチン錠５０ｍｇ｢トーワ｣,56.00,16
20250519,2399710E1046,4987222697415,ＳＰトローチ０.２５ｍｇ｢明治｣,30.00,16
20250519,2647709N1060,4987087003871,リンデロン−ＶＧクリーム０.１２％,25.00,33
20250519,1319808Q2036,4987123146951,マイティア点眼液〔人工涙液〕　５ｍＬ,2.00,19
20250519,2260700F1021,4987173015818,アズノールうがい液４％,5.00,36
20250519,2649729S3084,4987188412176,モーラステープＬ４０ｍｇ　１０ｃｍ×１４ｃｍ,63.00,6
20250519,2649734S1074,4987443328921,ボルタレンテープ１５ｍｇ　７ｃｍ×１０ｃｍ,63.00,6
20250519,2259704G9033,4987035510611,メプチンエアー１０μｇ吸入１００回　０.０１４３％５ｍＬ,3.00,51
20250519,2649729S3203,4987086533546,ケトプロフェンテープ４０ｍｇ｢三和｣　１０ｃｍ×１４ｃｍ,126.00,6
20250519,1319762Q2024,4987084309044,アレジオンＬＸ点眼液０.１％,10.00,36
20250519,1319706Q3043,4987084313997,ピレノキシン懸濁性点眼液０.００５％｢参天｣　５ｍＬ,2.00,19
20250519,2659710N1250,4987901040402,テルビナフィン塩酸塩クリーム１％｢ＶＴＲＳ｣,10.00,33
20250519,1319762N1021,4987084319548,アレジオン眼瞼クリーム０.５％,2.00,33
20250519,3339950Q1147,4987497308870,ヘパリン類似物質ローション０.３％｢ＮＩＴ｣,100.00,33
20250519,2649735S2296,4987081189939,ロキソプロフェンＮａテープ５０ｍｇ｢ＤＳＥＰ｣　７ｃｍ×１０ｃｍ,35.00,6
20250519,2649735S3292,4987081189960,ロキソプロフェンＮａテープ１００ｍｇ｢ＤＳＥＰ｣　１０ｃｍ×１４ｃｍ,252.00,6
20250519,2492415G1031,4987616002467,ノボラピッド注　フレックスペン　３００単位,1.00,51
20250519,2492500G1025,4987616003211,ライゾデグ配合注　フレックスタッチ　３００単位,4.00,51
20250519,,4987616003631,ペンニードルプラス,98.00,7
20250519,,4987901081504,フィナステリド錠１ｍｇ「ＶＴＲＳ」,28.00,16
20250520,2229001F1053,4987858100044,アストミン錠１０ｍｇ,15.00,16
20250520,3992001D1059,4987770528803,アデホスコーワ顆粒１０％,90.00,33
20250520,3327002F1142,4987081153657,トランサミン錠２５０ｍｇ,15.00,16
20250520,3140002D1037,4987123108324,ハイシー顆粒２５％,28.00,33
20250520,2354003F2316,4987047211346,プルゼニド錠１２ｍｇ,56.00,16
20250520,3332001F1024,4987028240303,ワーファリン錠１ｍｇ,126.00,16
20250520,1124009F1223,4987413580717,レンドルミン錠０.２５ｍｇ,56.00,16
20250520,6132013M2025,4987919100785,セフゾンカプセル１００ｍｇ,15.00,15
20250520,1180107D1123,4987155071078,トーワチーム配合顆粒,30.00,33
20250520,1141007F1063,4987896010817,カロナール錠２００　２００ｍｇ,546.00,16
20250520,4490022F2034,4987128064137,タリオン錠１０ｍｇ,84.00,16
20250520,3399007H1021,4987341103095,バイアスピリン錠１００ｍｇ,30.00,16
20250520,2329023F1020,4987123140225,タケプロンＯＤ錠１５　１５ｍｇ,30.00,16
20250520,2316020F1029,4987306066212,ビオフェルミン錠剤,21.00,16
20250520,3969010F2030,4987185809900,ジャヌビア錠５０ｍｇ,170.00,16
20250520,2329028F1104,4987080670018,ラベプラゾールＮａ錠１０ｍｇ｢サワイ｣,30.00,16
20250520,3969102F1020,4987051183127,グルベス配合錠,168.00,16
20250520,2590014F2028,4987233103042,ベタニス錠５０ｍｇ,28.00,16
20250520,2189010F2353,4987080774013,プラバスタチンＮａ錠１０ｍｇ｢サワイ｣,30.00,16
20250520,2189015F2127,4987376069519,アトルバスタチン錠１０ｍｇ｢日医工｣,42.00,16
20250520,2149039F3093,4987155593020,ロサルタンＫ錠１００ｍｇ｢トーワ｣,30.00,16
20250520,1190012F4319,4987614410608,ドネペジル塩酸塩ＯＤ錠５ｍｇ｢サンド｣,30.00,16
20250520,3219100F1020,4987081103560,デノタスチュアブル配合錠,182.00,16
20250520,2233002F1280,4987080323013,カルボシステイン錠２５０ｍｇ｢サワイ｣,30.00,16
20250520,4490023F1091,4987376556712,フェキソフェナジン塩酸塩錠６０ｍｇ｢ＳＡＮＩＫ｣,144.00,16
20250520,1124029F1123,4987080033516,ロフラゼプ酸エチル錠１ｍｇ｢サワイ｣,56.00,16
20250520,3969018F2029,4987233102878,スーグラ錠５０ｍｇ,42.00,16
20250520,2344009F1086,4987286113470,酸化マグネシウム錠２５０ｍｇ｢ケンエー｣,112.00,16
20250520,2344009F2082,4987286113500,酸化マグネシウム錠３３０ｍｇ｢ケンエー｣,60.00,16
20250520,2190006M2233,4987376056229,トコフェロールニコチン酸エステルカプセル２００ｍｇ｢日医工｣,84.00,15
20250520,2149041F3236,4987614413012,バルサルタン錠８０ｍｇ｢サンド｣,100.00,16
20250520,1141007F3023,4987896011210,カロナール錠５００　５００ｍｇ,28.00,16
20250520,2190005F2213,4987080103813,イフェンプロジル酒石酸塩錠２０ｍｇ｢サワイ｣,84.00,16
20250520,3399003F1146,4987080303916,リマプロストアルファデクス錠５μｇ｢サワイ｣,273.00,16
20250520,2329030F1020,4987123154352,タケキャブ錠１０ｍｇ,56.00,16
20250520,3136004F2278,4987171659304,メコバラミン錠５００μｇ｢ＳＷ｣　０.５ｍｇ,174.00,16
20250520,3399008F2110,4987376097819,クロピドグレル錠７５ｍｇ｢ＳＡＮＩＫ｣,42.00,16
20250520,3969104F2025,4987116530170,エクメット配合錠ＨＤ,84.00,16
20250520,2149114F1188,4987614415511,アムバロ配合錠｢サンド｣,30.00,16
20250520,3999021F1031,4987080406112,ラロキシフェン塩酸塩錠６０ｍｇ｢サワイ｣,42.00,16
20250520,4490032F1023,4987060008411,デザレックス錠５ｍｇ,28.00,16
20250520,4490033F1028,4987222682152,ビラノア錠２０ｍｇ,42.00,16
20250520,3969008F4060,4987086651578,ミチグリニドＣａ・ＯＤ錠１０ｍｇ｢三和｣,168.00,16
20250520,2149044F6034,4987081187171,オルメサルタンＯＤ錠２０ｍｇ｢ＤＳＥＰ｣,30.00,16
20250520,2149042F2030,4987081186518,テルミサルタン錠４０ｍｇ｢ＤＳＥＰ｣,126.00,16
20250520,1124009F1398,4987128320011,ブロチゾラム錠０.２５ｍｇ｢ヨシトミ｣,58.00,16
20250520,2329021F1331,4987035209713,レバミピド錠１００ｍｇ｢オーツカ｣,111.00,16
20250520,2189017F1030,4987081186907,ロスバスタチン錠２.５ｍｇ｢ＤＳＥＰ｣,100.00,16
20250520,1179052M1022,4987428954022,サインバルタカプセル２０ｍｇ,112.00,15
20250520,2359008F1025,4987699050027,グーフィス錠５ｍｇ,42.00,16
20250520,3999026F2103,4987376039802,ミノドロン酸錠５０ｍｇ｢日医工｣,1.00,16
20250520,2329023F1144,4987123415880,ランソプラゾールＯＤ錠１５ｍｇ｢武田テバ｣,42.00,16
20250520,3112001F2060,4987058172384,アルファカルシドール錠０.５μｇ｢アメル｣,42.00,16
20250520,2190041F3020,4987443384446,エンレスト錠２００ｍｇ,28.00,16
20250520,1190017F1266,4987901130202,プレガバリンＯＤ錠２５ｍｇ｢ＶＴＲＳ｣,182.00,16
20250520,3962002F2124,4987116530323,メトホルミン塩酸塩錠２５０ｍｇＭＴ｢ＤＳＰＢ｣,56.00,16
20250520,1339005F1482,4987376711005,ベタヒスチンメシル酸塩錠６ｍｇ｢日医工Ｐ｣,180.00,16
20250520,3112006M1057,4987155152050,エルデカルシトールカプセル０.５μｇ｢トーワ｣,30.00,15
20250520,2149032F1170,4987081185481,カルベジロール錠１０ｍｇ｢ＤＳＥＰ｣,42.00,16
20250520,2590011F4078,4987376349901,ソリフェナシンコハク酸塩ＯＤ錠５ｍｇ｢日医工｣,30.00,16
20250520,1149038F1032,4987071174020,トラマドール塩酸塩ＯＤ錠２５ｍｇ｢ＫＯ｣,126.00,16
20250520,1149038F1032,4987071174013,トラマドール塩酸塩ＯＤ錠２５ｍｇ｢ＫＯ｣,28.00,16
20250520,3949003F1040,4987081185719,フェブキソスタット錠１０ｍｇ｢ＤＳＥＰ｣,28.00,16
20250520,2171022F1487,4987901128209,アムロジピン錠２.５ｍｇ｢ＶＴＲＳ｣,30.00,16
20250520,2171022F2483,4987901128605,アムロジピン錠５ｍｇ｢ＶＴＲＳ｣,42.00,16
20250520,6132016F2127,4987155165265,セフカペンピボキシル塩酸塩錠１００ｍｇ｢ＴＷ｣,15.00,16
20250520,2646720M1080,4987770519009,リドメックスコーワ軟膏０.３％,10.00,33
20250520,2647709N1060,4987087003871,リンデロン−ＶＧクリーム０.１２％,25.00,33
20250520,2559808M1039,4987328145711,ヘモポリゾン軟膏,56.00,33
20250520,2649729S3203,4987086533546,ケトプロフェンテープ４０ｍｇ｢三和｣　１０ｃｍ×１４ｃｍ,63.00,6
20250520,2699717N1028,4987158328704,ブイタマークリーム１％,30.00,33
20250520,2649735S2296,4987081189939,ロキソプロフェンＮａテープ５０ｍｇ｢ＤＳＥＰ｣　７ｃｍ×１０ｃｍ,63.00,6
20250520,2492500G1025,4987616003211,ライゾデグ配合注　フレックスタッチ　３００単位,7.00,51
20250520,2499418G4027,4987616003655,オゼンピック皮下注２ｍｇ　１.５ｍＬ,1.00,51
20250520,,4987616003631,ペンニードルプラス,154.00,7
20250521,3992001D1059,4987770528803,アデホスコーワ顆粒１０％,84.00,33
20250521,3969014F1024,4987413870511,トラゼンタ錠５ｍｇ,28.00,16
20250521,3969018F2029,4987233102878,スーグラ錠５０ｍｇ,28.00,16
20250521,2149114F1188,4987614415511,アムバロ配合錠｢サンド｣,84.00,16
20250521,1124009F1398,4987128320011,ブロチゾラム錠０.２５ｍｇ｢ヨシトミ｣,28.00,16
20250521,2190041F3020,4987443384446,エンレスト錠２００ｍｇ,28.00,16
20250521,1339005F1482,4987376711005,ベタヒスチンメシル酸塩錠６ｍｇ｢日医工Ｐ｣,168.00,16
20250521,3949003F1040,4987081185719,フェブキソスタット錠１０ｍｇ｢ＤＳＥＰ｣,56.00,16
20250521,2329029M2104,4987190020338,エソメプラゾールカプセル２０ｍｇ｢ニプロ｣,28.00,15
20250521,2171022F2483,4987901128605,アムロジピン錠５ｍｇ｢ＶＴＲＳ｣,28.00,16
