product_code,yj_code,product_name,origin,kana_name,maker_name,usage_classification,package_form,yj_unit_name,yj_pack_unit_qty,flag_poison,flag_deleterious,flag_narcotic,flag_psychotropic,flag_stimulant,flag_stimulant_raw,jan_pack_inner_qty,jan_unit_code,jan_pack_unit_qty,nhi_price,purchase_price,supplier_wholesale
4987114038401,2649704M1120,◆亜鉛華軟膏「ホエイ」,PROVISIONAL,アエンカ,ヴィアトリス製薬,外,調剤用,Ｇ,500.000000,0,0,0,0,0,0,1.000000,0,500.000000,2.080000,0.000000,
9999999999999亜鉛華(１０％)単軟膏シオエ,2649710M2033,◆亜鉛華（１０％）単軟膏シオエ,PROVISIONAL,アエンカ,日本新薬,外,調剤用,Ｇ,500.000000,0,0,0,0,0,0,1.000000,0,500.000000,2.670000,0.000000,
4987333023561,MA2Y00000026,◆アクビちゃんのこどもせきどめシロップS,PROVISIONAL,アクビチャン,,他,,本,1.000000,0,0,0,0,0,0,1.000000,0,1.000000,0.000000,754.000000,902690019
9999999999999アジスロマイシン錠２５０ｍｇ｢ＤＳＥＰ｣,6149004F1036,◆アジスロマイシン錠２５０ｍｇ「ＤＳＥＰ」,PROVISIONAL,アジスロマイシン,第一三共,内,ＰＴＰ,錠,60.000000,0,0,0,0,0,0,1.000000,0,60.000000,60.700000,0.000000,
9999999999999アスベリン散１０％,2249003B1037,◆アスベリン散１０％,PROVISIONAL,アスベリン,ニプロＥＳファーマ,内,バラ,Ｇ,100.000000,0,0,0,0,0,0,1.000000,0,100.000000,17.400000,0.000000,
9999999999999アスベリン錠２０　２０ｍｇ,2249003F2027,◆アスベリン錠２０,PROVISIONAL,アスベリン,ニプロ,内,ＰＴＰ,錠,100.000000,0,0,0,0,0,0,1.000000,0,100.000000,13.700000,0.000000,
4987123409612,2123011F2631,◆アテノロール錠５０ｍｇ｢タイヨー｣,PROVISIONAL,アテノロール,武田薬品工業,内,ＰＴＰ,錠,100.000000,0,0,0,0,0,0,1.000000,0,100.000000,6.100000,659.000000,902020014
9999999999999アフタッチ口腔用貼付剤２５μｇ,2399707D1030,◆アフタッチ口腔用貼付剤２５μｇ,PROVISIONAL,アフタッチ,アルフレッサファーマ,外,ＰＴＰ,錠,100.000000,0,0,0,0,0,0,1.000000,0,100.000000,22.700000,0.000000,
9999999999999アムロジピンＯＤ錠２.５ｍｇ｢ケミファ｣,2171022F3161,◆アムロジピンＯＤ錠２．５ｍｇ「ケミファ」,PROVISIONAL,アムロジピンオーディー,日本ケミファ,内,ＰＴＰ,錠,100.000000,0,0,0,0,0,0,1.000000,0,100.000000,10.400000,0.000000,
4987901014809,2171022F6306,◆アムロジピンＯＤ錠１０ｍｇ｢ファイザー｣,PROVISIONAL,アムロジピンオーディー,ヴィアトリス製薬,内,ＰＴＰ,錠,100.000000,0,0,0,0,0,0,1.000000,0,100.000000,10.400000,883.000000,902020014
9999999999999アリナミンＦ２５注　２５ｍｇ１０ｍＬ,3122401A3025,◆アリナミンＦ２５注,PROVISIONAL,アリナミンエフ,武田薬品工業,注,,管,50.000000,0,0,0,0,0,0,1.000000,0,50.000000,61.000000,0.000000,
9999999999999アルファカルシドール錠０.５μｇ｢アメル｣,3112001F2060,◆アルファカルシドール錠０．５μｇ「アメル」,PROVISIONAL,アルファカルシドール,共和薬品工業,内,ＰＴＰ,錠,100.000000,0,0,0,0,0,0,1.000000,0,100.000000,6.100000,0.000000,
9999999999999アルファカルシドール錠１.０μｇ｢アメル｣　１μｇ,3112001F3066,◆アルファカルシドール錠１．０μｇ「アメル」,PROVISIONAL,アルファカルシドール,共和薬品工業,内,ＰＴＰ,錠,100.000000,0,0,0,0,0,0,1.000000,0,100.000000,6.100000,0.000000,
9999999999999アルプラゾラム錠０.８ｍｇ｢トーワ｣,1124023F2050,◆アルプラゾラム錠０．８ｍｇ「トーワ」,PROVISIONAL,アルプラゾラム,東和薬品,内,ＰＴＰ,錠,100.000000,0,0,0,0,0,0,1.000000,0,100.000000,6.100000,0.000000,
4987376313612,MA2Y00000133,◆アロチノロール塩酸塩錠１０ｍｇ｢日医工｣,PROVISIONAL,アロチノロールエンサンエン,日医工,内,ＰＴＰ,錠,100.000000,0,0,0,0,0,0,1.000000,0,100.000000,7.600000,0.000000,
9999999999999アンテベートクリーム０.０５％,2646730N1054,◆アンテベートクリーム０．０５％,PROVISIONAL,アンテベート,鳥居薬品,外,包装小,Ｇ,50.000000,0,0,0,0,0,0,5.000000,7,10.000000,18.900000,0.000000,
9999999999999イソソルビド内用液７０％｢ＣＥＯ｣,2139001S1079,◆イソソルビド内用液７０％「ＣＥＯ」,PROVISIONAL,イソソルビド,武田薬品工業,内,調剤用,ＭＬ,500.000000,0,0,0,0,0,0,1.000000,0,500.000000,2.600000,0.000000,
9999999999999イソソルビド内用液７０％分包４０ｍＬ｢ＣＥＯ｣,2139001S5023,◆イソソルビド内用液７０％分包４０ｍＬ「ＣＥＯ」,PROVISIONAL,イソソルビド,武田薬品工業,内,包装小,包,42.000000,0,0,0,0,0,0,1.000000,0,42.000000,125.800000,0.000000,
9999999999999イトプリド塩酸塩錠５０ｍｇ｢ＮＰ｣,2399008F1047,◆イトプリド塩酸塩錠５０ｍｇ「ＮＰ」,PROVISIONAL,イトプリドエンサンエン,ニプロ,内,ＰＴＰ,錠,100.000000,0,0,0,0,0,0,1.000000,0,100.000000,0.000000,0.000000,
9999999999999イトプリド塩酸塩錠５０ｍｇ｢サワイ｣,2399008F1110,◆イトプリド塩酸塩錠５０ｍｇ「サワイ」,PROVISIONAL,イトプリドエンサンエン,沢井製薬,内,ＰＴＰ,錠,100.000000,0,0,0,0,0,0,1.000000,0,100.000000,6.100000,0.000000,
9999999999999イドメシンコーワクリーム１％,2649719N1092,◆イドメシンコーワクリーム１％,PROVISIONAL,イドメシン,興和,外,包装小,Ｇ,350.000000,0,0,0,0,0,0,35.000000,7,10.000000,3.500000,0.000000,
9999999999999イドメシンコーワゾル１％,2649719Q1030,◆イドメシンコーワゾル１％,PROVISIONAL,イドメシン,興和,外,包装小,Ｇ,300.000000,0,0,0,0,0,0,30.000000,7,10.000000,3.500000,0.000000,
9999999999999イミダプリル塩酸塩錠５ｍｇ｢ＶＴＲＳ｣,2144008F2214,◆イミダプリル塩酸塩錠５ｍｇ｢ＶＴＲＳ｣,PROVISIONAL,イミダプリルエンサンエン,ヴィアトリス製薬,内,ＰＴＰ,錠,100.000000,0,0,0,0,0,0,1.000000,0,100.000000,15.100000,0.000000,
4571484310054,MA2Y00000041,◆タカゾノ７０５０８１ＧＰ印字用インクリボンカセット３２ｍｍ,PROVISIONAL,インクリボンカセット,,他,,個,10.000000,0,0,0,0,0,0,1.000000,0,10.000000,0.000000,3353.000000,902690019
4987035545620,MA2Y00000108,◆エクエル　パウチ　１２０ツブＸ３,PROVISIONAL,エクエル,,他,,個,3.000000,0,0,0,0,0,0,1.000000,0,3.000000,0.000000,9600.000000,902020014
9999999999999エストリール腟錠０.５ｍｇ,2475001F2029,◆エストリール錠０．５ｍｇ,PROVISIONAL,エストリール,持田製薬,内,ＰＴＰ,錠,100.000000,0,0,0,0,0,0,1.000000,0,100.000000,10.400000,0.000000,
4987123416788,1179025F2324,◆エチゾラム錠１ｍｇ「ＮＩＧ」,PROVISIONAL,エチゾラム,武田薬品工業,内,ＰＴＰ,錠,100.000000,0,0,0,0,0,0,1.000000,0,100.000000,10.100000,1070.000000,902020014
9999999999999エディロール錠０.７５μｇ,3112006F2020,◆エディロール錠０．７５μｇ,PROVISIONAL,エディロール,東和薬品,内,ＰＴＰ,錠,100.000000,0,0,0,0,0,0,1.000000,0,100.000000,41.000000,0.000000,
9999999999999エナラプリルマレイン酸塩錠２.５ｍｇ｢サワイ｣,2144002F1300,◆エナラプリルマレイン酸塩錠２．５ｍｇ「サワイ」,PROVISIONAL,エナラプリルマレインサンエン,沢井製薬,内,ＰＴＰ,錠,100.000000,0,0,0,0,0,0,1.000000,0,100.000000,10.400000,0.000000,
4987035031512,1179045B1021,◆エビリファイ散１％,PROVISIONAL,エビリファイ,大塚製薬,内,バラ,Ｇ,100.000000,0,0,0,0,0,0,1.000000,0,100.000000,69.300000,43950.000000,902020014
9999999999999エビリファイ散１％,1179045B1021,◆エビリファイ散１％,PROVISIONAL,エビリファイ,大塚製薬,内,バラ,Ｇ,100.000000,0,0,0,0,0,0,1.000000,0,100.000000,69.300000,0.000000,
4987123410380,4490014F2390,◆エピナスチン塩酸塩錠２０ｍｇ｢テバ｣,PROVISIONAL,エピナスチンエンサンエン,武田薬品工業,内,ＰＴＰ,錠,100.000000,0,0,0,0,0,0,1.000000,0,100.000000,14.500000,0.000000,
9999999999999エプレレノン錠２５ｍｇ｢杏林｣,2149045F1037,◆エプレレノン錠２５ｍｇ「杏林」,PROVISIONAL,エプレレノン,杏林製薬,内,ＰＴＰ,錠,100.000000,0,0,0,0,0,0,1.000000,0,100.000000,10.900000,0.000000,
4987123400268,1249009F1511,◆エペリゾン塩酸塩錠５０ｍｇ｢テバ｣,PROVISIONAL,エペリゾンエンサンエン,武田薬品工業,内,ＰＴＰ,錠,100.000000,0,0,0,0,0,0,1.000000,0,100.000000,6.100000,0.000000,
4987901015103,2160005F1110,◆エレトリプタン錠２０ｍｇ｢ファイザー｣,PROVISIONAL,エレトリプタン,ヴィアトリス製薬,内,ＰＴＰ,錠,10.000000,0,0,0,0,0,0,1.000000,0,10.000000,119.400000,0.000000,
4901551357093,MA2Y00000109,◆おくすりパクッとねるねる,PROVISIONAL,オクスリ,,他,,個,1.000000,0,0,0,0,0,0,1.000000,0,1.000000,0.000000,313.000000,902020014
4560239915163,MA2Y00000037,◆おくすりカレンダー４用法７段タイプ１枚ＫＷー２８,PROVISIONAL,オクスリカレンダー,,他,,枚,1.000000,0,0,0,0,0,0,1.000000,0,1.000000,0.000000,978.000000,902020014
9999999999999オメプラゾール錠２０ｍｇ｢トーワ｣,2329022H1230,◆オメプラゾール錠２０ｍｇ「トーワ」,PROVISIONAL,オメプラゾール,東和薬品,内,ＰＴＰ,錠,100.000000,0,0,0,0,0,0,1.000000,0,100.000000,20.700000,0.000000,
4523160474970,MA2Y00000110,◆オリゴのおかげダブルサポ－ト　５００Ｇ,PROVISIONAL,オリゴ,,他,,本,1.000000,0,0,0,0,0,0,1.000000,0,1.000000,0.000000,648.000000,902960013
4534551012893,MA2Y00000029,◆オリゴワンオリゴ糖シロップ５００ｇ,PROVISIONAL,オリゴワン,,他,,本,1.000000,0,0,0,0,0,0,1.000000,0,1.000000,0.000000,1047.000000,902020014
4987286301860,MA2Y00000111,◆オリブ油　￥７９０　１００ＭＬ　（第３類）,PROVISIONAL,オリブ,,他,,個,1.000000,0,0,0,0,0,0,1.000000,0,1.000000,0.000000,382.000000,902020014
9999999999999オリブ油｢ヨシダ｣,7121704X1407,◆オリブ油「ヨシダ」,PROVISIONAL,オリブユ,吉田製薬,外,調剤用,ＭＬ,100.000000,0,0,0,0,0,0,1.000000,0,100.000000,2.700000,0.000000,
9999999999999オロパタジン点眼液０.１％｢ニットー｣,1319752Q1130,◆オロパタジン点眼液０．１％「ニットー」,PROVISIONAL,オロパタジン,日東メディック,外,包装小,ＭＬ,50.000000,0,0,0,0,0,0,5.000000,19,10.000000,34.900000,0.000000,
4987035576402,MA2Y00000004,◆オーエスワン,PROVISIONAL,オーエスワン,,他,,本,24.000000,0,0,0,0,0,0,1.000000,0,24.000000,0.000000,3467.000000,902020014
4987035576419,MA2Y00000004,◆オーエスワン,PROVISIONAL,オーエスワン,,他,,本,1.000000,0,0,0,0,0,0,1.000000,0,1.000000,0.000000,145.000000,902020014
4987035652205,MA2Y00000005,◆オーエスワンアップル風味,PROVISIONAL,オーエスワンアップル,,他,,本,24.000000,0,0,0,0,0,0,1.000000,0,24.000000,0.000000,3467.000000,902020014
4987035652212,MA2Y00000005,◆オーエスワンアップル風味,PROVISIONAL,オーエスワンアップル,,他,,本,1.000000,0,0,0,0,0,0,1.000000,0,1.000000,0.000000,145.000000,902020014
9999999999999オーグメンチン配合錠２５０ＲＳ　３７５ｍｇ,6139100F2044,◆オーグメンチン配合錠２５０ＲＳ,PROVISIONAL,オーグメンチン,グラクソ・スミスクライン,内,ＰＴＰ,錠,30.000000,0,0,0,0,0,0,1.000000,0,30.000000,45.700000,0.000000,
4987123406260,2233002R2070,◆カルボシステインドライシロップ５０％「ＮＩＧ」,PROVISIONAL,カルボシステイン,武田薬品工業,内,バラ,Ｇ,100.000000,0,0,0,0,0,0,1.000000,0,100.000000,12.500000,1351.000000,902020014
4987382030695,MA2Y00000124,◆滅菌折りたたみガーゼ,PROVISIONAL,ガーゼ,,他,,枚,100.000000,0,0,0,0,0,0,1.000000,0,100.000000,0.000000,2380.000000,902020014
9999999999999Vﾏｽｼﾞﾄﾞｳﾌﾞﾝｶﾂﾌﾞﾝﾎﾟｳｷ     CRESTAGE-LITE3*,MA2Y00000013,◆ＣＲＥＳＴＡＧＥーＬＩＴＥ３,PROVISIONAL,クレステージ,メディコム,他,,個,1.000000,0,0,0,0,0,0,1.000000,0,1.000000,0.000000,0.000000,
4987236019098,MA2Y00000019,◆養命酒製造クロモジのどあめ生姜はちみつ,PROVISIONAL,クロモジ,,他,,個,1.000000,0,0,0,0,0,0,1.000000,0,1.000000,0.000000,205.000000,902020014
4987236019067,MA2Y00000022,◆養命酒製造クロモジのどあめ,PROVISIONAL,クロモジ,,他,,個,1.000000,0,0,0,0,0,0,1.000000,0,1.000000,0.000000,205.000000,902020014
9999999999999グラクティブ錠５０ｍｇ,3969010F2022,◆グラクティブ錠５０ｍｇ,PROVISIONAL,グラクティブ,小野薬品工業,内,ＰＴＰ,錠,100.000000,0,0,0,0,0,0,1.000000,0,100.000000,85.200000,0.000000,
4987123409919,4490003M1417,◆ケトチフェンカプセル１ｍｇ「ＮＩＧ」,PROVISIONAL,ケトチフェン,武田薬品工業,内,ＰＴＰ,カプセル,100.000000,0,0,0,0,0,0,1.000000,0,100.000000,6.100000,659.000000,902020014
4987376367929,4490003R1368,◆ケトチフェンドライシロップ小児用０.１％｢日医工｣,PROVISIONAL,ケトチフェン,武田薬品工業,内,バラ,Ｇ,100.000000,0,0,0,0,0,0,1.000000,0,100.000000,6.700000,0.000000,
9999999999999ケレンディア錠１０ｍｇ,2190044F1020,◆ケレンディア錠１０ｍｇ,PROVISIONAL,ケレンディア,バイエル薬品,内,ＰＴＰ,錠,100.000000,0,0,0,0,0,0,1.000000,0,100.000000,143.900000,0.000000,
9999999999999コンベッククリーム５％,2649727N1046,◆コンベッククリーム５％,PROVISIONAL,コンベック,田辺三菱製薬,外,包装小,Ｇ,100.000000,0,0,0,0,0,0,10.000000,7,10.000000,13.200000,0.000000,
4973877000861,MA2Y00000113,◆サヤカくろず飴（栄養機能食品）,PROVISIONAL,サヤカクロズ,,他,,個,1.000000,0,0,0,0,0,0,1.000000,0,1.000000,0.000000,170.000000,902020014
4987376507110,6219001F1110,◆サラゾスルファピリジン錠５００ｍｇ「日医工」,PROVISIONAL,サラゾスルファピリジン,日医工,内,ＰＴＰ,錠,500.000000,0,0,0,0,0,0,1.000000,0,500.000000,0.000000,0.000000,
4987123418225,6219001H1129,◆サラゾスルファピリジン腸溶錠５００ｍｇ｢武田テバ｣,PROVISIONAL,サラゾスルファピリジン,武田薬品工業,内,ＰＴＰ,錠,100.000000,0,0,0,0,0,0,1.000000,0,100.000000,24.200000,0.000000,
4987123410977,3399006F2308,◆サルポグレラート塩酸塩錠１００ｍｇ｢テバ｣,PROVISIONAL,サルポグレラートエンサンエン,武田薬品工業,内,ＰＴＰ,錠,100.000000,0,0,0,0,0,0,1.000000,0,100.000000,28.600000,3029.000000,902020014
4987233151005,6131001F2026,◆サワシリン錠２５０,PROVISIONAL,サワシリン,ＬＴＬファーマ,内,ＳＰ,錠,100.000000,0,0,0,0,0,0,1.000000,0,100.000000,15.300000,1030.000000,902960013
9999999999999酸化マグネシウム原末｢マルイシ｣,2344002X1322,◆酸化マグネシウム原末「マルイシ」,PROVISIONAL,サンカマグネシウム,丸石製薬,内,バラ,Ｇ,500.000000,0,0,0,0,0,0,1.000000,0,500.000000,1.560000,0.000000,
4987382020870,MA2Y00000112,◆サージカルテープ２５ｍｍ×１０ｍ１２枚,PROVISIONAL,サージカルテープ,,他,,個,1.000000,0,0,0,0,0,0,1.000000,0,1.000000,0.000000,2060.000000,902020014
4987246772013,MA2Y00000167,ザガーロカプセル０．１ｍｇ,PROVISIONAL,ザガーロ,グラクソ・スミスクライン,他,ＰＴＰ,カプセル,30.000000,0,1,0,0,0,0,0.000000,0,0.000000,0.000000,8140.000000,901660013
4987173019397,MA2Y00000166,シアリス錠１０ｍｇ,PROVISIONAL,シアリス,日本新薬,他,ＰＴＰ,錠,20.000000,0,0,0,0,0,0,0.000000,0,0.000000,0.000000,22686.000000,902020014
9999999999999硝酸イソソルビドテープ４０ｍｇ｢サワイ｣,2171700S1150,◆硝酸イソソルビドテープ４０ｍｇ「サワイ」,PROVISIONAL,ショウサンイソソルビド,沢井製薬,外,包装小,枚,100.000000,0,0,0,0,0,0,1.000000,0,100.000000,32.200000,0.000000,
4987123411264,MA2Y00000168,シルデナフィル錠５０ｍｇＶＩ「テバ」,PROVISIONAL,シルデナフィル,武田薬品工業,他,ＰＴＰ,錠,100.000000,0,0,0,0,0,0,0.000000,0,0.000000,0.000000,37000.000000,902960013
4987123407120,3399002F1370,◆シロスタゾール錠５０ｍｇ｢テバ｣,PROVISIONAL,シロスタゾール,武田薬品工業,内,ＰＴＰ,錠,100.000000,0,0,0,0,0,0,1.000000,0,100.000000,10.400000,0.000000,
4987123407137,3399002F2407,◆シロスタゾール錠１００ｍｇ｢テバ｣,PROVISIONAL,シロスタゾール,武田薬品工業,内,ＰＴＰ,錠,100.000000,0,0,0,0,0,0,1.000000,0,100.000000,12.600000,0.000000,
9999999999999ジクトルテープ７５ｍｇ,1147700S1028,◆ジクトルテープ７５ｍｇ,PROVISIONAL,ジクトル,久光製薬,外,包装小,枚,70.000000,0,0,0,0,0,0,1.000000,0,70.000000,154.500000,0.000000,
4987376864213,2649734Q1093,◆ジクロフェナクＮａゲル１％「ラクール」,PROVISIONAL,ジクロフェナクナトリウム,東光薬品工業,外,包装小,Ｇ,500.000000,0,0,0,0,0,0,50.000000,7,10.000000,3.000000,0.000000,
4987123410564,1339002F1543,◆ジフェニドール塩酸塩錠２５ｍｇ｢タイヨー｣,PROVISIONAL,ジフェニドールエンサンエン,武田薬品工業,内,ＰＴＰ,錠,100.000000,0,0,0,0,0,0,1.000000,0,100.000000,5.900000,0.000000,
9999999999999ジメチコン錠４０ｍｇ｢ＹＤ｣,2318001F1225,◆ジメチコン錠４０ｍｇ「ＹＤ」,PROVISIONAL,ジメチコン,陽進堂,内,ＰＴＰ,錠,100.000000,0,0,0,0,0,0,1.000000,0,100.000000,5.900000,0.000000,
9999999999999ツムラ十全大補湯エキス顆粒(医療用),5200069D1048,◆ツムラ十全大補湯エキス顆粒（医療用）,PROVISIONAL,ジュウゼンタイホトウエキス,ツムラ,内,分包,Ｇ,105.000000,0,0,0,0,0,0,2.500000,18,42.000000,18.400000,0.000000,
9999999999999ジルチアゼム塩酸塩徐放カプセル１００ｍｇ｢トーワ｣,2171006N1164,◆ジルチアゼム塩酸塩徐放カプセル１００ｍｇ「トーワ」,PROVISIONAL,ジルチアゼムエンサンエン,東和薬品,内,ＰＴＰ,カプセル,100.000000,0,0,0,0,0,0,1.000000,0,100.000000,10.400000,0.000000,
4534551012091,MA2Y00000010,◆スウィートマービーフルーツミックスキャンディ,PROVISIONAL,スウィートマービー,,他,,個,1.000000,0,0,0,0,0,0,1.000000,0,1.000000,0.000000,181.000000,902020014
4534551012152,MA2Y00000012,◆スウィートマービーコーヒーキャンディ,PROVISIONAL,スウィートマービー,,他,,個,1.000000,0,0,0,0,0,0,1.000000,0,1.000000,0.000000,181.000000,902020014
4534551012121,MA2Y00000014,◆スウィートマービー紅茶キャンディ,PROVISIONAL,スウィートマービー,,他,,個,1.000000,0,0,0,0,0,0,1.000000,0,1.000000,0.000000,181.000000,902020014
9999999999999ストロカイン錠５ｍｇ,1219002F1065,◆ストロカイン錠５ｍｇ,PROVISIONAL,ストロカイン,エーザイ,内,ＰＴＰ,錠,100.000000,0,0,0,0,0,0,1.000000,0,100.000000,6.000000,0.000000,
4987123408806,2133001F1590,◆スピロノラクトン錠２５ｍｇ｢テバ｣,PROVISIONAL,スピロノラクトン,日医工,内,ＰＴＰ,錠,100.000000,0,0,0,0,0,0,1.000000,0,100.000000,5.900000,0.000000,
4987123401371,4490020F2361,◆セチリジン塩酸塩錠１０ｍｇ「ＮＩＧ」,PROVISIONAL,セチリジンエンサンエン,武田薬品工業,内,ＰＴＰ,錠,100.000000,0,0,0,0,0,0,1.000000,0,100.000000,10.400000,1101.000000,902020014
9999999999999セフカペン　ピボキシル塩酸塩１００ｍｇ細粒,MA2Y00000080,◆セフカペン　ピボキシル塩酸塩小児用細粒１０％,PROVISIONAL,セフカペンピボキシルエンサンエン,,内,バラ,Ｇ,100.000000,0,0,0,0,0,0,1.000000,0,100.000000,110.600000,0.000000,
4987222693042,6132015F1100,◆セフジトレンピボキシル錠１００ｍｇ｢ＯＫ｣,PROVISIONAL,セフジトレンピボキシル,Ｍｅｉｊｉ　Ｓｅｉｋａ　ファルマ,内,ＰＴＰ,錠,100.000000,0,0,0,0,0,0,1.000000,0,100.000000,56.600000,0.000000,
4987080546313,6132015F1118,◆セフジトレンピボキシル錠１００ｍｇ｢ＳＷ｣,PROVISIONAL,セフジトレンピボキシル,沢井製薬,内,ＰＴＰ,錠,100.000000,0,0,0,0,0,0,1.000000,0,100.000000,56.600000,5144.000000,902020014
4987901006606,1149037F1224,◆セレコキシブ錠１００ｍｇ｢ファイザー｣,PROVISIONAL,セレコキシブ,ヴィアトリス製薬,内,ＰＴＰ,錠,100.000000,0,0,0,0,0,0,1.000000,0,100.000000,9.300000,0.000000,
4987123405034,1129009F1378,◆ゾルピデム酒石酸塩錠５ｍｇ｢テバ｣,PROVISIONAL,ゾルピデムシュセキサンエン,武田薬品工業,内,ＰＴＰ,錠,100.000000,0,0,0,0,0,0,1.000000,0,100.000000,10.400000,0.000000,
4987222707473,2590008F2090,◆タムスロシン塩酸塩ＯＤ錠０．２ｍｇ「明治」,PROVISIONAL,タムスロシンエンサンエンオーディー,Ｍｅｉｊｉ　Ｓｅｉｋａ　ファルマ,内,ＰＴＰ,錠,140.000000,0,0,0,0,0,0,1.000000,0,140.000000,15.000000,9575.000000,902020014
9999999999999ダーブロック錠１ｍｇ,3999049F1027,◆ダーブロック錠１ｍｇ,PROVISIONAL,ダーブロック,協和キリン,内,ＰＴＰ,錠,100.000000,0,0,0,0,0,0,1.000000,0,100.000000,89.200000,0.000000,
4987376044615,MA2Y00000162,◆テルビナフィン塩酸塩クリーム１％｢日医工｣,PROVISIONAL,テルビナフィンエンサンエン,日医工,外,包装小,Ｇ,100.000000,0,0,0,0,0,0,10.000000,7,10.000000,13.000000,0.000000,
0480951710065,MA2Y00000116,◆ＳＫ点鼻瓶２０ｍＬ×１０　７７４４,PROVISIONAL,テンビ,,他,,個,10.000000,0,0,0,0,0,0,1.000000,0,10.000000,0.000000,600.000000,902020014
4535184493622,MA2Y00000117,◆噴霧容器３０　（１５ＣＣ）　３８８２　ニュウハク－アオ　１０コ,PROVISIONAL,テンビ,,他,,個,10.000000,0,0,0,0,0,0,1.000000,0,10.000000,0.000000,404.000000,902020014
0480951710041,MA2Y00000006,◆ＳＫ点鼻瓶１０ｍＬ×１０　７７４３,PROVISIONAL,テンビビン,,他,,個,10.000000,0,0,0,0,0,0,1.000000,0,10.000000,0.000000,576.000000,902020014
9999999999999SK ﾃﾝﾋﾞﾋﾞﾝ          7743         10MLX10,MA2Y00000006,◆ＳＫ点鼻瓶１０ｍＬ×１０　７７４３,PROVISIONAL,テンビビン,シンリョウ,他,,個,10.000000,0,0,0,0,0,0,1.000000,0,10.000000,0.000000,0.000000,
4987006251604,MA2Y00000118,◆デスクワン－Ｄ,PROVISIONAL,デスクワン,,他,,本,10.000000,0,0,0,0,0,0,1.000000,0,10.000000,0.000000,0.000000,
0410980576301,MA2Y00000040,◆投薬瓶小判型２００ＭＬ×１００,PROVISIONAL,トウヤクビン,,他,,個,100.000000,0,0,0,0,0,0,1.000000,0,100.000000,0.000000,3556.000000,902020014
0420980576201,MA2Y00000119,◆投薬瓶小判型１００ＭＬ×２００,PROVISIONAL,トウヤクビン,,他,,本,200.000000,0,0,0,0,0,0,1.000000,0,200.000000,0.000000,4778.000000,902020014
9999999999999トコフェロールニコチン酸エステルカプセル１００ｍｇ｢トーワ｣,2190006M1210,◆トコフェロールニコチン酸エステルカプセル１００ｍｇ「トーワ」,PROVISIONAL,トコフェロールニコチンサンエステル,東和薬品,内,ＰＴＰ,カプセル,100.000000,0,0,0,0,0,0,1.000000,0,100.000000,5.700000,0.000000,
9999999999999トラマドール塩酸塩ＯＤ錠２５ｍｇ｢ＫＯ｣,1149038F1032,◆トラマドール塩酸塩ＯＤ錠２５ｍｇ「ＫＯ」,PROVISIONAL,トラマドールエンサンエン,寿製薬,内,ＰＴＰ,錠,100.000000,0,0,0,0,0,0,1.000000,0,100.000000,9.400000,0.000000,902020014
9999999999999トリアムシノロンアセトニド口腔用貼付剤２５μｇ｢大正｣,2399707D2061,◆トリアムシノロンアセトニド口腔用貼付剤２５μｇ「大正」,PROVISIONAL,トリアムシノロンアセトニド,大正製薬,外,包装小,枚,100.000000,0,0,0,0,0,0,1.000000,0,100.000000,31.600000,0.000000,
4987901015301,2149026F2332,◆ドキサゾシン錠１ｍｇ｢ファイザー｣,PROVISIONAL,ドキサゾシン,ヴィアトリス製薬,内,ＰＴＰ,錠,100.000000,0,0,0,0,0,0,1.000000,0,100.000000,10.400000,940.000000,902020014
4987350607935,MA2Y00000008,◆ナノパスニードル２,PROVISIONAL,ナノパスニードル,,機,,本,70.000000,0,0,0,0,0,0,1.000000,0,70.000000,18.000000,1145.000000,902020014
0480980578889,MA2Y00000002,◆プラ壺深型５５ｍＬＡー５青５０個,PROVISIONAL,ナンコウツボ,,他,,個,50.000000,0,0,0,0,0,0,1.000000,0,50.000000,0.000000,0.000000,
4987382034570,MA2Y00000030,◆深型軟膏ツボ　１０ｇ,PROVISIONAL,ナンコウツボ,,他,,個,50.000000,0,0,0,0,0,0,1.000000,0,50.000000,0.000000,570.000000,902020014
4987382032019,MA2Y00000120,◆ＣＰ軟膏ツボ５０ｇ,PROVISIONAL,ナンコウツボ,,他,,個,100.000000,0,0,0,0,0,0,1.000000,0,100.000000,0.000000,2500.000000,902020014
4987382034587,MA2Y00000121,◆深型軟膏ツボ２０ｇ,PROVISIONAL,ナンコウツボ,,他,,個,50.000000,0,0,0,0,0,0,1.000000,0,50.000000,0.000000,710.000000,902020014
4987382034594,MA2Y00000122,◆深型軟膏ツボ３０ｇ,PROVISIONAL,ナンコウツボ,,他,,個,50.000000,0,0,0,0,0,0,1.000000,0,50.000000,0.000000,900.000000,902020014
4987382034600,MA2Y00000123,◆深型軟膏ツボ５０ｇ,PROVISIONAL,ナンコウツボ,,他,,個,30.000000,0,0,0,0,0,0,1.000000,0,30.000000,0.000000,900.000000,902020014
9999999999999ニゾラールクリーム２％,2655709N1053,◆ニゾラールクリーム２％,PROVISIONAL,ニゾラール,帝國製薬,外,包装小,Ｇ,200.000000,0,0,0,0,0,0,10.000000,7,20.000000,16.000000,0.000000,
4987114023001,7111001X1370,◆乳糖水和物｢ホエイ｣,PROVISIONAL,ニュウトウスイワブツ,ヴィアトリス製薬,内,バラ,Ｇ,500.000000,0,0,0,0,0,0,1.000000,0,500.000000,1.560000,707.000000,902020014
9999999999999ネリゾナユニバーサルクリーム０.１％,2646700N1169,◆ネリゾナユニバーサルクリーム０．１％,PROVISIONAL,ネリゾナユニバーサル,ＬＴＬファーマ,外,包装小,Ｇ,300.000000,0,0,0,0,0,0,30.000000,7,10.000000,17.000000,0.000000,
9999999999999ノイロビタン配合錠,3179106F1039,◆ノイロビタン配合錠,PROVISIONAL,ノイロビタン,ＬＴＬファーマ,内,ＰＴＰ,錠,500.000000,0,0,0,0,0,0,1.000000,0,500.000000,6.000000,0.000000,
4987901010504,MA2Y00000163,◆バイアグラ錠５０ｍｇ,PROVISIONAL,バイアグラ,ヴィアトリス製薬,他,ＰＴＰ,錠,20.000000,0,0,0,0,0,0,1.000000,0,20.000000,0.000000,21100.000000,902020014
9999999999999バルヒディオ配合錠ＥＸ｢サワイ｣,2149112F2070,◆バルヒディオ配合錠ＥＸ「サワイ」,PROVISIONAL,バルヒディオ,沢井製薬,内,ＰＴＰ,錠,100.000000,0,0,0,0,0,0,1.000000,0,100.000000,20.800000,0.000000,
4987123402422,3133001B1223,◆パンテチン散２０％「ＮＩＧ」,PROVISIONAL,パンテチン,武田薬品工業,内,バラ,Ｇ,100.000000,0,0,0,0,0,0,1.000000,0,100.000000,9.500000,0.000000,
9999999999999パーキネス錠２　２ｍｇ,1169001F1121,◆パーキネス錠２,PROVISIONAL,パーキネス,東和薬品,内,ＰＴＰ,錠,100.000000,0,0,0,0,0,0,1.000000,0,100.000000,9.000000,0.000000,
4987352002417,MA2Y00000036,◆御岳百草丸５００丸,PROVISIONAL,ヒャクソウガン,,他,,個,1.000000,0,0,0,0,0,0,1.000000,0,1.000000,0.000000,300.000000,902020014
9999999999999ビラノアＯＤ錠２０ｍｇ,4490033F2024,◆ビラノアＯＤ錠２０ｍｇ,PROVISIONAL,ビラノアオーディー,Ｍｅｉｊｉ　Ｓｅｉｋａ　ファルマ,内,ＰＴＰ,錠,100.000000,0,0,0,0,0,0,1.000000,0,100.000000,49.100000,0.000000,
4987813706342,3969007F1342,◆ピオグリタゾン錠１５ｍｇ「ニプロ」,PROVISIONAL,ピオグリタゾン,ニプロＥＳファーマ,内,ＰＴＰ,錠,100.000000,0,0,0,0,0,0,1.000000,0,100.000000,12.700000,1129.000000,902020014
4987813706403,3969007F2349,◆ピオグリタゾン錠３０ｍｇ「ニプロ」,PROVISIONAL,ピオグリタゾン,ニプロＥＳファーマ,内,ＰＴＰ,錠,100.000000,0,0,0,0,0,0,1.000000,0,100.000000,22.900000,2035.000000,902020014
9999999999999ピタバスタチンＣａ錠４ｍｇ｢サワイ｣,2189016F3080,◆ピタバスタチンＣａ錠４ｍｇ「サワイ」,PROVISIONAL,ピタバスタチンカルシウム,沢井製薬,内,ＰＴＰ,錠,100.000000,0,0,0,0,0,0,1.000000,0,100.000000,26.100000,0.000000,
4987123408363,2129008M1180,◆ピルシカイニド塩酸塩カプセル２５ｍｇ｢テバ｣,PROVISIONAL,ピルシカイニドエンサンエン,武田薬品工業,内,ＰＴＰ,カプセル,100.000000,0,0,0,0,0,0,1.000000,0,100.000000,11.900000,1286.000000,902020014
4987123408394,2129008M2195,◆ピルシカイニド塩酸塩カプセル５０ｍｇ｢テバ｣,PROVISIONAL,ピルシカイニドエンサンエン,武田薬品工業,内,ＰＴＰ,カプセル,100.000000,0,0,0,0,0,0,1.000000,0,100.000000,19.800000,2139.000000,902020014
4987376504119,2325003F4210,◆ファモチジンＤ錠２０ｍｇ｢日医工｣,PROVISIONAL,ファモチジンディー,日医工,内,ＰＴＰ,錠,1000.000000,0,0,0,0,0,0,1.000000,0,1000.000000,10.400000,910.000000,902960013
9999999999999ｲﾂﾀｲｶﾞﾀﾃﾞﾝｼﾔｸﾚｷ 3ﾀﾞｲ       PHARNES X-MX*,MA2Y00000020,◆ＰＨＡＲＮＥＳ　ＸーＭＸ,PROVISIONAL,ファーネス,,他,,個,1.000000,0,0,0,0,0,0,1.000000,0,1.000000,0.000000,0.000000,
4987901081504,MA2Y00000164,フィナステリド錠１ｍｇ「ＶＴＲＳ」,PROVISIONAL,フィナステリド,ヴィアトリス製薬,他,ＰＴＰ,錠,28.000000,0,1,0,0,0,0,1.000000,0,28.000000,0.000000,4550.000000,902020014
4987888171847,2649727N1054,◆フエナゾールクリーム５％,PROVISIONAL,フエナゾール,ヴィアトリス製薬,外,包装小,Ｇ,100.000000,0,0,0,0,0,0,10.000000,7,10.000000,13.800000,1228.000000,902020014
9999999999999フエナゾールクリーム５％,2649727N1054,◆フエナゾールクリーム５％,PROVISIONAL,フエナゾール,ヴィアトリス製薬,外,包装小,Ｇ,100.000000,0,0,0,0,0,0,10.000000,7,10.000000,13.800000,0.000000,
4987123124263,3135001F1025,◆フォリアミン錠,PROVISIONAL,フォリアミン,富士製薬工業,内,バラ,錠,100.000000,0,0,0,0,0,0,1.000000,0,100.000000,10.100000,10698.000000,902020014
9999999999999フオイパン錠１００ｍｇ,3999003F1297,◆フオイパン錠１００ｍｇ,PROVISIONAL,フオイパン,小野薬品工業,内,ＰＴＰ,錠,100.000000,0,0,0,0,0,0,1.000000,0,100.000000,9.900000,0.000000,
9999999999999フルスルチアミン錠２５ｍｇ｢トーワ｣,3122007F2063,◆フルスルチアミン錠２５ｍｇ「トーワ」,PROVISIONAL,フルスルチアミン,東和薬品,内,ＰＴＰ,錠,100.000000,0,0,0,0,0,0,1.000000,0,100.000000,5.700000,0.000000,
9999999999999フロセミド錠２０ｍｇ｢ＮＰ｣,2139005F1060,◆フロセミド錠２０ｍｇ「ＮＰ」,PROVISIONAL,フロセミド,ニプロ,内,ＰＴＰ,錠,100.000000,0,0,0,0,0,0,1.000000,0,100.000000,6.300000,0.000000,
0480959601617,MA2Y00000032,◆分包紙７０Wグラシン無地２００２４２,PROVISIONAL,ブンポウシ,,他,,個,6.000000,0,0,0,0,0,0,1.000000,0,6.000000,0.000000,0.000000,
4571484313000,MA2Y00000032,◆分包紙７０Wグラシン無地２００２４２,PROVISIONAL,ブンポウシ,,他,,個,6.000000,0,0,0,0,0,0,1.000000,0,6.000000,0.000000,5471.000000,902690019
4987123412612,2189010F1497,◆プラバスタチンＮａ錠５ｍｇ｢テバ｣,PROVISIONAL,プラバスタチンナトリウム,武田薬品工業,内,ＰＴＰ,錠,100.000000,0,0,0,0,0,0,1.000000,0,100.000000,10.400000,0.000000,
9999999999999プラバスタチンＮａ錠１０ｍｇ｢サワイ｣,2189010F2353,◆プラバスタチンＮａ錠１０ｍｇ｢サワイ｣,PROVISIONAL,プラバスタチンナトリウム,沢井製薬,内,ＰＴＰ,錠,100.000000,0,0,0,0,0,0,1.000000,0,100.000000,14.100000,0.000000,
4987813700364,2189010F2523,◆プラバスタチンＮａ塩錠１０ｍｇ｢タナベ｣,PROVISIONAL,プラバスタチンナトリウムエン,ニプロＥＳファーマ,内,ＰＴＰ,錠,100.000000,0,0,0,0,0,0,1.000000,0,100.000000,0.000000,959.000000,902020014
4987901015608,1190017F1266,◆プレガバリンＯＤ錠２５ｍｇ「ＶＴＲＳ」,PROVISIONAL,プレガバリンオーディー,ヴィアトリス製薬,内,ＰＴＰ,錠,100.000000,0,0,0,0,0,0,1.000000,0,100.000000,11.400000,0.000000,
4987901015905,1190017F2262,◆プレガバリンＯＤ錠７５ｍｇ｢ファイザー｣,PROVISIONAL,プレガバリンオーディー,ヴィアトリス製薬,内,ＰＴＰ,錠,100.000000,0,0,0,0,0,0,1.000000,0,100.000000,18.300000,0.000000,
4987114219008,1190017F3269,◆プレガバリンＯＤ錠１５０ｍｇ「ＶＴＲＳ」,PROVISIONAL,プレガバリンオーディー,ヴィアトリス製薬,内,ＰＴＰ,錠,100.000000,0,0,0,0,0,0,1.000000,0,100.000000,25.300000,2252.000000,902020014
4987080558316,2590007F1374,◆塩酸プロピベリン錠１０ｍｇ｢ＳＷ｣,PROVISIONAL,プロピベリンエンサンエン,沢井製薬,内,ＰＴＰ,錠,100.000000,0,0,0,0,0,0,1.000000,0,100.000000,12.000000,0.000000,
4987080559313,2590007F2362,◆塩酸プロピベリン錠２０ｍｇ｢ＳＷ｣,PROVISIONAL,プロピベリンエンサンエン,沢井製薬,内,ＰＴＰ,錠,100.000000,0,0,0,0,0,0,1.000000,0,100.000000,25.500000,0.000000,
7331791005909,MA2Y00000106,◆プロヴォックスエクストラフローＨＭＥ　７２９１,PROVISIONAL,プロヴォックス,,機,,個,1.000000,0,0,0,0,0,0,1.000000,0,1.000000,0.000000,13323.000000,902020014
7331791015335,MA2Y00000107,◆プロヴォックスオプティダーム楕円形　７２５６ＪＰ,PROVISIONAL,プロヴォックス,,機,,個,1.000000,0,0,0,0,0,0,1.000000,0,1.000000,0.000000,9137.000000,902020014
9999999999999ヘパリン類似物質クリーム０.３％｢日医工｣,3339950N1094,◆ヘパリン類似物質クリーム０．３％「日医工」,PROVISIONAL,ヘパリンルイジブッシツ,日医工,外,包装小,Ｇ,250.000000,0,0,0,0,0,0,25.000000,7,10.000000,3.700000,0.000000,
4987224104607,3339950R1126,◆ヘパリン類似物質外用スプレー０．３％「日医工」,PROVISIONAL,ヘパリンルイジブッシツ,日医工,外,包装小,Ｇ,1000.000000,0,0,0,0,0,0,100.000000,7,10.000000,7.400000,15410.000000,902020014
4987114198907,3949002F2238,◆ベンズブロマロン錠５０ｍｇ「ＮＭ」,PROVISIONAL,ベンズブロマロン,武田薬品工業,内,ＰＴＰ,錠,1000.000000,0,0,0,0,0,0,1.000000,0,1000.000000,0.000000,0.000000,
4987376535915,3949002F2246,◆ベンズブロマロン錠５０ｍｇ｢日医工｣,PROVISIONAL,ベンズブロマロン,武田薬品工業,内,ＰＴＰ,錠,100.000000,0,0,0,0,0,0,1.000000,0,100.000000,6.100000,0.000000,
4987060306531,MA2Y00000157,◆ベンズブロマロン錠５０ｍｇ｢杏林｣,PROVISIONAL,ベンズブロマロン,杏林,内,ＰＴＰ,錠,100.000000,0,0,0,0,0,0,1.000000,0,100.000000,6.100000,0.000000,
4987616003631,MA2Y00000001,◆ペンニードルプラス,PROVISIONAL,ペンニードルプラス,,機,,本,70.000000,0,0,0,0,0,0,1.000000,0,70.000000,17.000000,1081.000000,902020014
4946306111322,MA2Y00000042,◆ＰＡＲＩボアテックスマスク無しM23-002-04,PROVISIONAL,ボアテックス,,他,,個,1.000000,0,0,0,0,0,0,1.000000,0,1.000000,0.000000,1970.000000,902020014
4987123123242,2559813J1033,◆ボラザＧ坐剤,PROVISIONAL,ボラザジー,天藤製薬,外,包装小,個,50.000000,0,0,0,0,0,0,1.000000,0,50.000000,35.600000,1924.000000,902020014
4987123133791,2559813M1021,◆ボラザＧ軟膏,PROVISIONAL,ボラザジー,天藤製薬,外,包装小,Ｇ,84.000000,0,0,0,0,0,0,2.400000,7,35.000000,28.200000,2560.000000,902020014
9999999999999ポラプレジンクＯＤ錠７５ｍｇ｢サワイ｣,2329027F1037,◆ポラプレジンクＯＤ錠７５ｍｇ「サワイ」,PROVISIONAL,ポラプレジンクオーディー,沢井製薬,内,ＰＴＰ,錠,100.000000,0,0,0,0,0,0,1.000000,0,100.000000,14.300000,0.000000,
4987888171700,2399011C1050,◆ポリフル細粒８３．３％,PROVISIONAL,ポリフル,ヴィアトリス製薬,内,分包,Ｇ,63.000000,0,0,0,0,0,0,0.600000,18,105.000000,14.900000,849.000000,902020014
4987888170789,2399011F1030,◆ポリフル錠５００ｍｇ,PROVISIONAL,ポリフル,ヴィアトリス製薬,内,ＰＴＰ,錠,100.000000,0,0,0,0,0,0,1.000000,0,100.000000,9.400000,850.000000,902020014
0383017013639,MA2Y00000003,◆マイクロファインプラス,PROVISIONAL,マイクロファインプラス,,機,,本,70.000000,0,0,0,0,0,0,1.000000,0,70.000000,17.000000,1081.000000,902020014
4560350670170,MA2Y00000031,◆ＪマスクホワイトMW09002W,PROVISIONAL,マスク,,他,,個,1.000000,0,0,0,0,0,0,1.000000,0,1.000000,0.000000,350.000000,901660013
4534551012350,MA2Y00000021,◆マービーストロベリージャム瓶詰タイプ,PROVISIONAL,マービー,,他,,個,1.000000,0,0,0,0,0,0,1.000000,0,1.000000,0.000000,419.000000,902020014
4534551013449,MA2Y00000023,◆マービーチョコレートスプレッドスティックタイプ,PROVISIONAL,マービー,,他,,個,1.000000,0,0,0,0,0,0,1.000000,0,1.000000,0.000000,0.000000,
4534551012367,MA2Y00000024,◆マービーマーマレードジャム瓶詰タイプ,PROVISIONAL,マービー,,他,,個,1.000000,0,0,0,0,0,0,1.000000,0,1.000000,0.000000,419.000000,902020014
4534551012381,MA2Y00000028,◆マービーりんごジャム瓶詰タイプ,PROVISIONAL,マービー,,他,,個,1.000000,0,0,0,0,0,0,1.000000,0,1.000000,0.000000,419.000000,902020014
4534551012374,MA2Y00000033,◆マービーブルーベリージャム瓶詰タイプ,PROVISIONAL,マービー,,他,,個,1.000000,0,0,0,0,0,0,1.000000,0,1.000000,0.000000,488.000000,902020014
4534551012169,MA2Y00000038,◆マービー水ようかん,PROVISIONAL,マービー,,他,,個,1.000000,0,0,0,0,0,0,1.000000,0,1.000000,0.000000,0.000000,
4534551013357,MA2Y00000039,◆マービーピーナッツクリームスティックタイプ,PROVISIONAL,マービー,,他,,個,1.000000,0,0,0,0,0,0,1.000000,0,1.000000,0.000000,0.000000,
4534551012022,MA2Y00000007,◆マービー液状２０００ｇ,PROVISIONAL,マービーエキジョウ,,他,,本,1.000000,0,0,0,0,0,0,1.000000,0,1.000000,0.000000,0.000000,
4534551012930,MA2Y00000007,◆マービー液状２０００ｇ,PROVISIONAL,マービーエキジョウ,,他,,本,1.000000,0,0,0,0,0,0,1.000000,0,1.000000,0.000000,1689.000000,902020014
4534551012923,MA2Y00000015,◆マービー液状６２０ｇ,PROVISIONAL,マービーエキジョウ,,他,,本,1.000000,0,0,0,0,0,0,1.000000,0,1.000000,0.000000,663.000000,902020014
0480936783657,MA2Y00000016,◆マービークッキーカカオとアーモンド,PROVISIONAL,マービークッキー,,他,,個,5.000000,0,0,0,0,0,0,1.000000,0,5.000000,0.000000,0.000000,
0480936783640,MA2Y00000017,◆マービークッキーかぼちゃ,PROVISIONAL,マービークッキー,,他,,個,5.000000,0,0,0,0,0,0,1.000000,0,5.000000,0.000000,0.000000,
0480936783664,MA2Y00000018,◆マービークッキーごまときなこ,PROVISIONAL,マービークッキー,,他,,個,5.000000,0,0,0,0,0,0,1.000000,0,5.000000,0.000000,0.000000,
9999999999999ミオピン点眼液　５ｍＬ,1319809X2043,◆ミオピン点眼液,PROVISIONAL,ミオピン,参天製薬,外,包装小,瓶,10.000000,0,0,0,0,0,0,1.000000,0,10.000000,89.200000,0.000000,
4987233009825,2149042F1025,◆ミカルディス錠２０ｍｇ,PROVISIONAL,ミカルディス,日本ベーリンガーインゲルハイム,内,ＰＴＰ,錠,140.000000,0,0,0,0,0,0,1.000000,0,140.000000,20.700000,2405.000000,902020014
9999999999999ミチグリニドＣａ・ＯＤ錠５ｍｇ｢三和｣,3969008F3064,◆ミチグリニドＣａ・ＯＤ錠５ｍｇ「三和」,PROVISIONAL,ミチグリニドカルシウムオーディー,三和化学研究所,内,ＰＴＰ,錠,100.000000,0,0,0,0,0,0,1.000000,0,100.000000,6.100000,0.000000,
9999999999999ミネブロＯＤ錠１.２５ｍｇ,2149049F4026,◆ミネブロＯＤ錠１．２５ｍｇ,PROVISIONAL,ミネブロオーディー,第一三共,内,ＰＴＰ,錠,100.000000,0,0,0,0,0,0,1.000000,0,100.000000,47.800000,0.000000,
9999999999999メホビル配合錠ＨＤ｢トーワ｣,3969104F2033,◆メホビル配合錠ＨＤ「トーワ」,PROVISIONAL,メホビル,東和薬品,内,ＰＴＰ,錠,100.000000,0,0,0,0,0,0,1.000000,0,100.000000,23.300000,0.000000,
9999999999999メンタックスクリーム１％,2659708N1082,◆メンタックスクリーム１％,PROVISIONAL,メンタックス,科研製薬,外,包装小,Ｇ,200.000000,0,0,0,0,0,0,10.000000,7,20.000000,22.000000,0.000000,
9999999999999モイゼルト軟膏０.３％,2699715M1023,◆モイゼルト軟膏０．３％,PROVISIONAL,モイゼルト,大塚製薬,外,包装小,Ｇ,100.000000,0,0,0,0,0,0,10.000000,7,10.000000,136.700000,0.000000,
4987123418102,2399010F2032,◆モサプリドクエン酸塩錠５ｍｇ｢武田テバ｣,PROVISIONAL,モサプリドクエンサンエン,武田薬品工業,内,ＰＴＰ,錠,100.000000,0,0,0,0,0,0,1.000000,0,100.000000,10.400000,0.000000,
4987081186211,4490026F1079,◆モンテルカストチュアブル錠５ｍｇ「ＤＳＥＰ」,PROVISIONAL,モンテルカストチュアブル,第一三共,内,ＰＴＰ,錠,100.000000,0,0,0,0,0,0,1.000000,0,100.000000,18.100000,542.000000,902020014
9999999999999ラリキシン錠２５０ｍｇ,6132002F1080,◆ラリキシン錠２５０ｍｇ,PROVISIONAL,ラリキシン,富士フイルム富山化学,内,ＰＴＰ,錠,100.000000,0,0,0,0,0,0,1.000000,0,100.000000,31.500000,0.000000,
4904751110871,MA2Y00000125,◆リキセー　３０００,PROVISIONAL,リキセー,,他,,本,10.000000,0,0,0,0,0,0,1.000000,0,10.000000,0.000000,600.000000,902690019
9999999999999レキソタン錠１　１ｍｇ,1124020F1025,◆レキソタン錠１,PROVISIONAL,レキソタン,サンド,内,ＰＴＰ,錠,100.000000,0,0,0,0,0,0,1.000000,0,100.000000,5.900000,0.000000,
9999999999999◆レバミピド錠１００ｍｇ｢ＴＣＫ｣,2329021F1161,◆レバミピド錠１００ｍｇ「ＴＣＫ」,PROVISIONAL,レバミピド,フェルゼンファーマ,内,ＰＴＰ,錠,100.000000,0,0,0,0,0,0,1.000000,0,100.000000,10.400000,0.000000,
9999999999999レボフロキサシン点眼液１.５％｢ニットー｣,1319742Q2221,◆レボフロキサシン点眼液１．５％「ニットー」,PROVISIONAL,レボフロキサシン,日東メディック,外,包装小,ＭＬ,50.000000,0,0,0,0,0,0,5.000000,19,10.000000,26.600000,0.000000,
9999999999999ロラゼパム錠１ｍｇ｢サワイ｣,1124022F2110,◆ロラゼパム錠１ｍｇ「サワイ」,PROVISIONAL,ロラゼパム,沢井製薬,内,ＰＴＰ,錠,100.000000,0,0,0,0,0,0,1.000000,0,100.000000,5.900000,0.000000,
4987603115170,MA2Y00000034,◆ワンショットプラス１１５１７,PROVISIONAL,ワンショットプラス,,他,,個,1.000000,0,0,0,0,0,0,1.000000,0,1.000000,0.000000,275.000000,901660013
