20250801,2229001F1053,4987858100044,アストミン錠１０ｍｇ,57.00,16
20250801,6131001F2026,4987233151005,サワシリン錠２５０　２５０ｍｇ,21.00,16
20250801,3179115F2034,4987087034936,シナール配合錠,56.00,16
20250801,2432001F1033,4987123158831,メルカゾール錠５ｍｇ,35.00,16
20250801,5200121D1045,4987138800749,ツムラ八味地黄丸エキス顆粒(医療用),472.50,33
20250801,5200130D1060,4987138806246,ツムラ防風通聖散エキス顆粒(医療用),210.00,33
20250801,1179025F2022,4987128006502,デパス錠１ｍｇ,84.00,16
20250801,3132002B1034,4987709500719,ニコチン酸アミド散１０％｢ゾンネ｣,7.00,33
20250801,3136004F2138,4987028266563,メチコバール錠５００μｇ　０.５ｍｇ,84.00,16
20250801,3332001F1024,4987028240303,ワーファリン錠１ｍｇ,126.00,16
20250801,2123016F2189,4987128115372,メインテート錠５ｍｇ,63.00,16
20250801,2171022F2025,4987901008303,ノルバスク錠５ｍｇ,28.00,16
20250801,1180107D1123,4987155071078,トーワチーム配合顆粒,78.00,33
20250801,1124007F2239,4987376371117,トリアゾラム錠０.２５ｍｇ｢日医工｣,51.00,16
20250801,1141007F1063,4987896010817,カロナール錠２００　２００ｍｇ,3.00,16
20250801,2456001F2023,4987153136632,プレドニゾロン錠１ｍｇ(旭化成),14.00,16
20250801,2456001F1353,4987123119597,プレドニゾロン錠｢タケダ｣５ｍｇ,14.00,16
20250801,2189015F2020,4987901017701,リピトール錠１０ｍｇ,28.00,16
20250801,1124008F2047,4987058566039,フルニトラゼパム錠２ｍｇ｢アメル｣,30.00,16
20250801,2316020F1029,4987306066212,ビオフェルミン錠剤,258.00,16
20250801,3999021F1023,4987428416506,エビスタ錠６０ｍｇ,28.00,16
20250801,3332001F3035,4987028240501,ワーファリン錠０.５ｍｇ,94.50,16
20250801,3327002F1169,4987476113310,トラネキサム酸錠２５０ｍｇ｢ＹＤ｣,60.00,16
20250801,3969010F2030,4987185809900,ジャヌビア錠５０ｍｇ,42.00,16
20250801,2149115F1026,4987081102303,レザルタス配合錠ＬＤ,60.00,16
20250801,2329028F1104,4987080670018,ラベプラゾールＮａ錠１０ｍｇ｢サワイ｣,63.00,16
20250801,3949003F2020,4987294394229,フェブリク錠２０ｍｇ,63.00,16
20250801,2590014F2028,4987233103042,ベタニス錠５０ｍｇ,35.00,16
20250801,2189015F2127,4987376069519,アトルバスタチン錠１０ｍｇ｢日医工｣,84.00,16
20250801,1179025F1239,4987080190011,エチゾラム錠０.５ｍｇ｢ＳＷ｣,86.00,16
20250801,2149039F2100,4987155592016,ロサルタンＫ錠５０ｍｇ｢トーワ｣,56.00,16
20250801,2183005G1285,4987080394013,ベザフィブラートＳＲ錠２００ｍｇ｢サワイ｣,60.00,16
20250801,3943001F1586,4987080396017,アロプリノール錠１００ｍｇ｢サワイ｣,56.00,16
20250801,4490014F2285,4987080398011,エピナスチン塩酸塩錠２０ｍｇ｢サワイ｣,7.00,16
20250801,2233002F1298,4987155244151,カルボシステイン錠２５０ｍｇ｢トーワ｣,72.00,16
20250801,2233002F1298,4987155244175,カルボシステイン錠２５０ｍｇ｢トーワ｣,21.00,16
20250801,1249010F1263,4987376357111,チザニジン錠１ｍｇ｢日医工｣,84.00,16
20250801,2325003F4244,4987123407915,ファモチジンＯＤ錠２０ｍｇ｢テバ｣,28.00,16
20250801,1124029F1123,4987080033516,ロフラゼプ酸エチル錠１ｍｇ｢サワイ｣,14.00,16
20250801,2354003F2367,4987080034711,センノシド錠１２ｍｇ｢サワイ｣,91.00,16
20250801,2123016F1131,4987376075312,ビソプロロールフマル酸塩錠２.５ｍｇ｢日医工｣,35.00,16
20250801,2189016F1133,4987080001911,ピタバスタチンＣａ錠１ｍｇ｢サワイ｣,35.00,16
20250801,3969018F2029,4987233102878,スーグラ錠５０ｍｇ,174.00,16
20250801,2190006M2233,4987376056229,トコフェロールニコチン酸エステルカプセル２００ｍｇ｢日医工｣,84.00,15
20250801,6241013F3051,4987081183579,レボフロキサシン錠５００ｍｇ｢ＤＳＥＰ｣　(レボフロキサシンとして),3.00,16
20250801,2329030F1020,4987123154352,タケキャブ錠１０ｍｇ,56.00,16
20250801,3136004F2278,4987171659304,メコバラミン錠５００μｇ｢ＳＷ｣　０.５ｍｇ,60.00,16
20250801,2319001M1353,4987080023616,ロペラミド塩酸塩カプセル１ｍｇ｢サワイ｣,56.00,15
20250801,3969104F2025,4987116530170,エクメット配合錠ＨＤ,238.00,16
20250801,3969104F1029,4987116530132,エクメット配合錠ＬＤ,42.00,16
20250801,2149114F1102,4987476170306,アムバロ配合錠｢ＹＤ｣,119.00,16
20250801,2149044F6026,4987081103157,オルメテックＯＤ錠２０ｍｇ,28.00,16
20250801,3999021F1031,4987080406112,ラロキシフェン塩酸塩錠６０ｍｇ｢サワイ｣,28.00,16
20250801,2189017F3025,4987650676105,クレストールＯＤ錠２.５ｍｇ,63.00,16
20250801,3969105F1023,4987123158367,イニシンク配合錠,60.00,16
20250801,4490033F1028,4987222682152,ビラノア錠２０ｍｇ,28.00,16
20250801,2149117F1050,4987080132714,テラムロ配合錠ＡＰ｢サワイ｣,28.00,16
20250801,2149042F2030,4987081186518,テルミサルタン錠４０ｍｇ｢ＤＳＥＰ｣,56.00,16
20250801,2149042F3036,4987081186556,テルミサルタン錠８０ｍｇ｢ＤＳＥＰ｣,30.00,16
20250801,1124009F1398,4987128320011,ブロチゾラム錠０.２５ｍｇ｢ヨシトミ｣,28.00,16
20250801,2329021F1331,4987035209713,レバミピド錠１００ｍｇ｢オーツカ｣,84.00,16
20250801,2189017F1030,4987081186907,ロスバスタチン錠２.５ｍｇ｢ＤＳＥＰ｣,116.00,16
20250801,2329012M1374,4987476119862,テプレノンカプセル５０ｍｇ｢ＹＤ｣,90.00,15
20250801,2183006F3040,4987123415781,フェノフィブラート錠５３.３ｍｇ｢武田テバ｣,42.00,16
20250801,3122007F2063,4987155004168,フルスルチアミン錠２５ｍｇ｢トーワ｣,60.00,16
20250801,3969011F1020,4987116530217,エクア錠５０ｍｇ,28.00,16
20250801,3969107F1022,4987233105343,スージャヌ配合錠,56.00,16
20250801,2149118F2034,4987116140331,イルアミクス配合錠ＨＤ｢ＤＳＰＢ｣,35.00,16
20250801,2329023F1144,4987123415880,ランソプラゾールＯＤ錠１５ｍｇ｢武田テバ｣,7.00,16
20250801,2590017F1025,4987060008688,ベオーバ錠５０ｍｇ,63.00,16
20250801,2590010F4030,4987081187836,シロドシンＯＤ錠４ｍｇ｢ＤＳＥＰ｣,126.00,16
20250801,3969004F3147,4987123416603,ボグリボースＯＤ錠０.２ｍｇ｢武田テバ｣,56.00,16
20250801,3969004F4143,4987123416634,ボグリボースＯＤ錠０.３ｍｇ｢武田テバ｣,84.00,16
20250801,3969004F4143,4987123416627,ボグリボースＯＤ錠０.３ｍｇ｢武田テバ｣,84.00,16
20250801,1149019F1730,4987123417297,ロキソプロフェンＮａ錠６０ｍｇ｢武田テバ｣,84.00,16
20250801,1149019F1730,4987123417280,ロキソプロフェンＮａ錠６０ｍｇ｢武田テバ｣,81.00,16
20250801,1190027F2029,4987028205630,デエビゴ錠５ｍｇ,30.00,16
20250801,2189018F1035,4987081189458,エゼチミブ錠１０ｍｇ｢ＤＳＥＰ｣,28.00,16
20250801,2499011M1108,4987123418164,デュタステリドカプセル０.５ｍｇＡＶ｢武田テバ｣,63.00,15
20250801,3969013F1038,4987080152118,レパグリニド錠０.２５ｍｇ｢サワイ｣,180.00,16
20250801,2190041F3020,4987443384446,エンレスト錠２００ｍｇ,28.00,16
20250801,3962002F2124,4987116530323,メトホルミン塩酸塩錠２５０ｍｇＭＴ｢ＤＳＰＢ｣,186.00,16
20250801,3962002F3120,4987116530347,メトホルミン塩酸塩錠５００ｍｇＭＴ｢ＤＳＰＢ｣,56.00,16
20250801,2432001F2021,4987123161909,メルカゾール錠２.５ｍｇ,28.00,16
20250801,1339005F1482,4987376711005,ベタヒスチンメシル酸塩錠６ｍｇ｢日医工Ｐ｣,42.00,16
20250801,2149121F2079,4987123001175,ジルムロ配合錠ＨＤ｢武田テバ｣,91.00,16
20250801,3112006M2053,4987155152074,エルデカルシトールカプセル０.７５μｇ｢トーワ｣,35.00,15
20250801,3949003F1040,4987081185719,フェブキソスタット錠１０ｍｇ｢ＤＳＥＰ｣,28.00,16
20250801,2329029M2104,4987190020338,エソメプラゾールカプセル２０ｍｇ｢ニプロ｣,70.00,15
20250801,2149048F1065,4987123003452,アジルサルタン錠２０ｍｇ｢武田テバ｣,28.00,16
20250801,2129008M2195,4987123872973,ピルシカイニド塩酸塩カプセル５０ｍｇ｢ＮＩＧ｣,28.00,15
20250801,2171022F2483,4987901128605,アムロジピン錠５ｍｇ｢ＶＴＲＳ｣,58.00,16
20250801,2183007G1020,4987770529800,パルモディアＸＲ錠０.２ｍｇ,100.00,16
20250801,3929007F1045,4987846701215,酢酸亜鉛錠２５ｍｇ｢ノーベル｣,14.00,16
20250801,6132016F2127,4987155165265,セフカペンピボキシル塩酸塩錠１００ｍｇ｢ＴＷ｣,42.00,16
20250801,3969011F1080,4987155165241,ビルダグリプチン錠５０ｍｇ｢トーワ｣,112.00,16
20250801,2399710E1046,4987222697415,ＳＰトローチ０.２５ｍｇ｢明治｣,72.00,16
20250801,2646720M1080,4987770519009,リドメックスコーワ軟膏０.３％,10.00,33
20250801,2646720Q1065,4987770516107,リドメックスコーワローション０.３％,60.00,33
20250801,2647709N1060,4987087003871,リンデロン−ＶＧクリーム０.１２％,25.00,33
20250801,2647709Q1040,4987087029000,リンデロン−ＶＧローション,10.00,36
20250801,2646720Q1057,4987020015916,スピラゾンローション０.３％,30.00,33
20250801,2646725M1236,4987020020996,ジフルプレドナート軟膏０.０５％｢イワキ｣,10.00,33
20250801,2260700F1021,4987173015818,アズノールうがい液４％,10.00,36
20250801,2649729S3084,4987188412176,モーラステープＬ４０ｍｇ　１０ｃｍ×１４ｃｍ,63.00,6
20250801,2649735S3020,4987081100316,ロキソニンテープ１００ｍｇ　１０ｃｍ×１４ｃｍ,63.00,6
20250801,2649729S3203,4987086533546,ケトプロフェンテープ４０ｍｇ｢三和｣　１０ｃｍ×１４ｃｍ,63.00,6
20250801,1319742Q1284,4987497307217,レボフロキサシン点眼液０.５％｢ニットー｣,15.00,36
20250801,1319720Q3230,4987123001373,ヒアルロン酸Ｎａ点眼液０.１％｢センジュ｣　５ｍＬ,2.00,19
20250801,1319706Q3043,4987084313997,ピレノキシン懸濁性点眼液０.００５％｢参天｣　５ｍＬ,2.00,19
20250801,2649731M1098,4987306060128,フェルビナクスチック軟膏３％｢三笠｣,40.00,33
20250801,1319762Q2032,4987084316318,エピナスチン塩酸塩ＬＸ点眼液０.１％｢ＳＥＣ｣,15.00,36
20250801,2649735S2296,4987081189939,ロキソプロフェンＮａテープ５０ｍｇ｢ＤＳＥＰ｣　７ｃｍ×１０ｃｍ,63.00,6
20250801,2649735S3292,4987081189960,ロキソプロフェンＮａテープ１００ｍｇ｢ＤＳＥＰ｣　１０ｃｍ×１４ｃｍ,63.00,6
20250801,2492415G1031,4987616002467,ノボラピッド注　フレックスペン　３００単位,4.00,51
20250801,2492419G1021,4987616003167,トレシーバ注　フレックスタッチ　３００単位,3.00,51
20250801,2499418G4027,4987616003655,オゼンピック皮下注２ｍｇ　１.５ｍＬ,1.00,51
20250801,2499422G2020,4987128305216,マンジャロ皮下注５ｍｇアテオス　０.５ｍＬ,4.00,51
20250801,,4987616003631,ペンニードルプラス,224.00,7
20250802,2229001F1053,4987858100044,アストミン錠１０ｍｇ,36.00,16
20250802,3992001D1059,4987770528803,アデホスコーワ顆粒１０％,168.00,33
20250802,2123014F2201,4987116140218,アロチノロール塩酸塩錠１０ｍｇ｢ＤＳＰ｣,28.00,16
20250802,2339177B1038,4987274131332,Ｓ・Ｍ配合散,27.30,33
20250802,2149012F1059,4987116176514,ナトリックス錠１　１ｍｇ,28.00,16
20250802,1180107D1131,4987087035032,ＰＬ配合顆粒,21.00,33
20250802,1149019F1560,4987081105403,ロキソニン錠６０ｍｇ,84.00,16
20250802,1180107D1123,4987155071078,トーワチーム配合顆粒,36.00,33
20250802,1141007F1063,4987896010817,カロナール錠２００　２００ｍｇ,5.00,16
20250802,2399010F2024,4987116212212,ガスモチン錠５ｍｇ,21.00,16
20250802,1124008F1067,4987058565032,フルニトラゼパム錠１ｍｇ｢アメル｣,140.00,16
20250802,2149043F2026,4987081120048,カルブロック錠１６ｍｇ,28.00,16
20250802,1149116D1033,4987087034868,ＳＧ配合顆粒,35.00,33
20250802,2316020F1029,4987306066212,ビオフェルミン錠剤,84.00,16
20250802,3327002F1169,4987476113310,トラネキサム酸錠２５０ｍｇ｢ＹＤ｣,15.00,16
20250802,3969010F2030,4987185809900,ジャヌビア錠５０ｍｇ,56.00,16
20250802,2149115F2022,4987081102402,レザルタス配合錠ＨＤ,28.00,16
20250802,3949003F2020,4987294394229,フェブリク錠２０ｍｇ,28.00,16
20250802,3969007F1130,4987080598015,ピオグリタゾン錠１５ｍｇ｢サワイ｣,28.00,16
20250802,3969007F2039,4987081181490,ピオグリタゾン錠３０ｍｇ｢ＤＳＥＰ｣,28.00,16
20250802,2590014F2028,4987233103042,ベタニス錠５０ｍｇ,28.00,16
20250802,3969103F2020,4987123150002,リオベル配合錠ＨＤ,28.00,16
20250802,2189015F2127,4987376069519,アトルバスタチン錠１０ｍｇ｢日医工｣,56.00,16
20250802,1179025F1239,4987080190011,エチゾラム錠０.５ｍｇ｢ＳＷ｣,208.00,16
20250802,1179025F2197,4987080192015,エチゾラム錠１ｍｇ｢ＳＷ｣,28.00,16
20250802,2171017F2156,4987080633112,ニコランジル錠５ｍｇ｢サワイ｣,54.00,16
20250802,2149039F2100,4987155592016,ロサルタンＫ錠５０ｍｇ｢トーワ｣,35.00,16
20250802,2233002F1298,4987155244151,カルボシステイン錠２５０ｍｇ｢トーワ｣,21.00,16
20250802,2325003F4244,4987123407915,ファモチジンＯＤ錠２０ｍｇ｢テバ｣,56.00,16
20250802,4490023F1091,4987376556712,フェキソフェナジン塩酸塩錠６０ｍｇ｢ＳＡＮＩＫ｣,84.00,16
20250802,2354003F2367,4987080034711,センノシド錠１２ｍｇ｢サワイ｣,189.00,16
20250802,3969018F2029,4987233102878,スーグラ錠５０ｍｇ,133.00,16
20250802,3399009F1020,4987081103324,エフィエント錠３.７５ｍｇ,28.00,16
20250802,3969019F2023,4987039454621,フォシーガ錠１０ｍｇ,28.00,16
20250802,3399102F1026,4987123154185,タケルダ配合錠,28.00,16
20250802,2344009F2082,4987286113500,酸化マグネシウム錠３３０ｍｇ｢ケンエー｣,105.00,16
20250802,2190006M2233,4987376056229,トコフェロールニコチン酸エステルカプセル２００ｍｇ｢日医工｣,56.00,15
20250802,2149041F3236,4987614413012,バルサルタン錠８０ｍｇ｢サンド｣,28.00,16
20250802,2329030F1020,4987123154352,タケキャブ錠１０ｍｇ,84.00,16
20250802,3136004F2278,4987171659304,メコバラミン錠５００μｇ｢ＳＷ｣　０.５ｍｇ,63.00,16
20250802,3399008F2110,4987376097819,クロピドグレル錠７５ｍｇ｢ＳＡＮＩＫ｣,28.00,16
20250802,3969104F2025,4987116530170,エクメット配合錠ＨＤ,224.00,16
20250802,3969104F1029,4987116530132,エクメット配合錠ＬＤ,56.00,16
20250802,2149114F1102,4987476170306,アムバロ配合錠｢ＹＤ｣,140.00,16
20250802,2149044F6026,4987081103157,オルメテックＯＤ錠２０ｍｇ,28.00,16
20250802,3999021F1031,4987080406112,ラロキシフェン塩酸塩錠６０ｍｇ｢サワイ｣,28.00,16
20250802,4490026F2067,4987060307156,モンテルカスト錠１０ｍｇ｢ＫＭ｣,28.00,16
20250802,2149110F2240,4987376085403,ロサルヒド配合錠ＨＤ｢日医工｣,35.00,16
20250802,4490032F1023,4987060008411,デザレックス錠５ｍｇ,28.00,16
20250802,2149042F2030,4987081186518,テルミサルタン錠４０ｍｇ｢ＤＳＥＰ｣,196.00,16
20250802,1124009F1398,4987128320011,ブロチゾラム錠０.２５ｍｇ｢ヨシトミ｣,28.00,16
20250802,2329021F1331,4987035209614,レバミピド錠１００ｍｇ｢オーツカ｣,126.00,16
20250802,2189017F1030,4987081186907,ロスバスタチン錠２.５ｍｇ｢ＤＳＥＰ｣,98.00,16
20250802,3969107F1022,4987233105343,スージャヌ配合錠,112.00,16
20250802,2149118F1038,4987116140317,イルアミクス配合錠ＬＤ｢ＤＳＰＢ｣,28.00,16
20250802,3969004F4143,4987123416634,ボグリボースＯＤ錠０.３ｍｇ｢武田テバ｣,84.00,16
20250802,3969004F4143,4987123416627,ボグリボースＯＤ錠０.３ｍｇ｢武田テバ｣,168.00,16
20250802,1149019F1730,4987123417280,ロキソプロフェンＮａ錠６０ｍｇ｢武田テバ｣,294.00,16
20250802,3969013F1038,4987080152118,レパグリニド錠０.２５ｍｇ｢サワイ｣,84.00,16
20250802,2190041F3020,4987443384446,エンレスト錠２００ｍｇ,42.00,16
20250802,3962002F2124,4987116530323,メトホルミン塩酸塩錠２５０ｍｇＭＴ｢ＤＳＰＢ｣,287.00,16
20250802,3962002F3120,4987116530347,メトホルミン塩酸塩錠５００ｍｇＭＴ｢ＤＳＰＢ｣,28.00,16
20250802,2590011F4078,4987376349901,ソリフェナシンコハク酸塩ＯＤ錠５ｍｇ｢日医工｣,28.00,16
20250802,6250019F1365,4987614439401,バラシクロビル錠５００ｍｇ｢ＳＰＫＫ｣,10.00,16
20250802,3949003F1040,4987081185719,フェブキソスタット錠１０ｍｇ｢ＤＳＥＰ｣,28.00,16
20250802,2139005F2474,4987123875271,フロセミド錠４０ｍｇ｢ＮＩＧ｣,98.00,16
20250802,2329029M2104,4987190020338,エソメプラゾールカプセル２０ｍｇ｢ニプロ｣,63.00,15
20250802,2149048F1065,4987123003452,アジルサルタン錠２０ｍｇ｢武田テバ｣,28.00,16
20250802,2171022F1487,4987901128209,アムロジピン錠２.５ｍｇ｢ＶＴＲＳ｣,30.00,16
20250802,2171022F2483,4987901128605,アムロジピン錠５ｍｇ｢ＶＴＲＳ｣,28.00,16
20250802,2183007G1020,4987770529800,パルモディアＸＲ錠０.２ｍｇ,56.00,16
20250802,2189102F2047,4987080012719,エゼロス配合錠ＨＤ｢サワイ｣,28.00,16
20250802,2559814M1042,4987328145445,ネリザ軟膏,56.00,33
20250802,1319762Q2024,4987084309044,アレジオンＬＸ点眼液０.１％,15.00,36
20250802,1259700Q1027,4987042143116,エクロックゲル５％,40.00,33
20250802,1319762Q2032,4987084316318,エピナスチン塩酸塩ＬＸ点眼液０.１％｢ＳＥＣ｣,15.00,36
20250802,2649735S2296,4987081189939,ロキソプロフェンＮａテープ５０ｍｇ｢ＤＳＥＰ｣　７ｃｍ×１０ｃｍ,98.00,6
20250802,2649735S3292,4987081189960,ロキソプロフェンＮａテープ１００ｍｇ｢ＤＳＥＰ｣　１０ｃｍ×１４ｃｍ,126.00,6
20250802,2492415G1031,4987616002467,ノボラピッド注　フレックスペン　３００単位,1.00,51
20250802,2492419G1021,4987616003167,トレシーバ注　フレックスタッチ　３００単位,2.00,51
20250802,2499422G2020,4987128305216,マンジャロ皮下注５ｍｇアテオス　０.５ｍＬ,8.00,51
20250802,,4987616003631,ペンニードルプラス,140.00,7
20250804,2229001F1053,4987858100044,アストミン錠１０ｍｇ,120.00,16
20250804,2229001F1053,4987858200041,アストミン錠１０ｍｇ,15.00,16
20250804,3992001D1059,4987770528803,アデホスコーワ顆粒１０％,266.00,33
20250804,2329009F1152,4987058210284,スルピリド錠５０ｍｇ｢アメル｣,90.00,16
20250804,2329012M1021,4987699058931,セルベックスカプセル５０ｍｇ,84.00,15
20250804,5200141D1034,4987138804341,ツムラ六君子湯エキス顆粒(医療用),262.50,33
20250804,1180107D1131,4987087035049,ＰＬ配合顆粒,21.00,33
20250804,2316017F1035,4987158701569,ビオスリー配合錠,168.00,16
20250804,2316012A1132,4987306066625,ビオフェルミン配合散,31.50,33
20250804,2316004F1020,4987306066984,ビオフェルミンＲ錠,15.00,16
20250804,3222007G1033,4987901117500,フェロ・グラデュメット錠１０５ｍｇ,28.00,16
20250804,2354003F2316,4987047211346,プルゼニド錠１２ｍｇ,56.00,16
20250804,1149019F1560,4987081105403,ロキソニン錠６０ｍｇ,38.00,16
20250804,2319001M1213,4987672957640,ロペミンカプセル１ｍｇ,10.00,15
20250804,1249010F1026,4987047211247,テルネリン錠１ｍｇ,42.00,16
20250804,2344002X1055,4987286105628,酸化マグネシウム｢ケンエー｣〔重質〕,31.50,33
20250804,2171022F2025,4987901008303,ノルバスク錠５ｍｇ,28.00,16
20250804,1180107D1123,4987155071078,トーワチーム配合顆粒,120.00,33
20250804,1141007F1063,4987896010817,カロナール錠２００　２００ｍｇ,64.00,16
20250804,2329028F1023,4987699058726,パリエット錠１０ｍｇ,28.00,16
20250804,2189015F2020,4987901017701,リピトール錠１０ｍｇ,28.00,16
20250804,1124008F1067,4987058565032,フルニトラゼパム錠１ｍｇ｢アメル｣,60.00,16
20250804,2149041F3023,4987443277229,ディオバン錠８０ｍｇ,28.00,16
20250804,3399007H1021,4987341103095,バイアスピリン錠１００ｍｇ,86.00,16
20250804,3399100F1116,4987028200079,バファリン配合錠Ａ８１　８１ｍｇ,56.00,16
20250804,2233002F1174,4987060005366,ムコダイン錠２５０ｍｇ,15.00,16
20250804,2189017F1022,4987650650105,クレストール錠２.５ｍｇ,28.00,16
20250804,2231001Q1036,4987286105239,セネガシロップ｢ケンエー｣,140.00,36
20250804,2325003F3124,4987080537113,ファモチジンＤ錠１０ｍｇ｢サワイ｣,56.00,16
20250804,3327002F1169,4987476113310,トラネキサム酸錠２５０ｍｇ｢ＹＤ｣,30.00,16
20250804,2399008F1110,4987080128014,イトプリド塩酸塩錠５０ｍｇ｢サワイ｣,56.00,16
20250804,4490017M1109,4987080515074,プランルカストカプセル１１２.５ｍｇ｢サワイ｣,112.00,15
20250804,2149047F1028,4987858210125,ラジレス錠１５０ｍｇ,56.00,16
20250804,3969010F2030,4987185809900,ジャヌビア錠５０ｍｇ,28.00,16
20250804,2241001X1118,4987290241732,キョウニン水(山善),60.00,36
20250804,2590008F2090,4987916002211,タムスロシン塩酸塩ＯＤ錠０.２ｍｇ｢明治｣,28.00,16
20250804,3949003F1023,4987294394120,フェブリク錠１０ｍｇ,30.00,16
20250804,3949003F2020,4987294394229,フェブリク錠２０ｍｇ,28.00,16
20250804,3969007F2039,4987081181490,ピオグリタゾン錠３０ｍｇ｢ＤＳＥＰ｣,28.00,16
20250804,3969102F1020,4987051183127,グルベス配合錠,84.00,16
20250804,2590014F2028,4987233103042,ベタニス錠５０ｍｇ,58.00,16
20250804,2189011F1203,4987080783015,シンバスタチン錠５ｍｇ｢ＳＷ｣,28.00,16
20250804,2189015F2127,4987376069519,アトルバスタチン錠１０ｍｇ｢日医工｣,56.00,16
20250804,2149039F2100,4987155592016,ロサルタンＫ錠５０ｍｇ｢トーワ｣,126.00,16
20250804,2149039F3093,4987155593020,ロサルタンＫ錠１００ｍｇ｢トーワ｣,86.00,16
20250804,3969015F1029,4987128144327,テネリア錠２０ｍｇ,28.00,16
20250804,2251001F2166,4987080001416,テオフィリン徐放錠１００ｍｇ｢サワイ｣,56.00,16
20250804,2171014G4096,4987155103069,ニフェジピンＣＲ錠２０ｍｇ｢トーワ｣,56.00,16
20250804,2233002F1298,4987155244151,カルボシステイン錠２５０ｍｇ｢トーワ｣,75.00,16
20250804,2233002F1298,4987155244175,カルボシステイン錠２５０ｍｇ｢トーワ｣,30.00,16
20250804,3133001F3163,4987376086011,パンテチン錠１００ｍｇ｢ＹＤ｣,56.00,16
20250804,4490023F1091,4987376556712,フェキソフェナジン塩酸塩錠６０ｍｇ｢ＳＡＮＩＫ｣,56.00,16
20250804,2189016F1133,4987080001911,ピタバスタチンＣａ錠１ｍｇ｢サワイ｣,56.00,16
20250804,3969018F2029,4987233102878,スーグラ錠５０ｍｇ,84.00,16
20250804,3969021F1032,4987770510501,デベルザ錠２０ｍｇ,28.00,16
20250804,3399102F1026,4987123154185,タケルダ配合錠,28.00,16
20250804,2149032F4039,4987080680017,カルベジロール錠２.５ｍｇ｢サワイ｣,28.00,16
20250804,2344009F2082,4987286113500,酸化マグネシウム錠３３０ｍｇ｢ケンエー｣,475.00,16
20250804,2190006M2233,4987376056229,トコフェロールニコチン酸エステルカプセル２００ｍｇ｢日医工｣,42.00,15
20250804,2190006M2233,4987376056212,トコフェロールニコチン酸エステルカプセル２００ｍｇ｢日医工｣,84.00,15
20250804,2149041F3236,4987614413012,バルサルタン錠８０ｍｇ｢サンド｣,28.00,16
20250804,6241013F3051,4987081183579,レボフロキサシン錠５００ｍｇ｢ＤＳＥＰ｣　(レボフロキサシンとして),12.00,16
20250804,2329030F1020,4987123154352,タケキャブ錠１０ｍｇ,56.00,16
20250804,2329030F2027,4987123154406,タケキャブ錠２０ｍｇ,35.00,16
20250804,3136004F2278,4987171659304,メコバラミン錠５００μｇ｢ＳＷ｣　０.５ｍｇ,56.00,16
20250804,2319001M1353,4987080023616,ロペラミド塩酸塩カプセル１ｍｇ｢サワイ｣,10.00,15
20250804,2139008F2044,4987792291815,アゾセミド錠３０ｍｇ｢ＪＧ｣,28.00,16
20250804,3969104F2025,4987116530170,エクメット配合錠ＨＤ,112.00,16
20250804,3969104F1029,4987116530132,エクメット配合錠ＬＤ,56.00,16
20250804,2149114F1102,4987476170306,アムバロ配合錠｢ＹＤ｣,144.00,16
20250804,2149044F6034,4987081187171,オルメサルタンＯＤ錠２０ｍｇ｢ＤＳＥＰ｣,28.00,16
20250804,2149042F2030,4987081186518,テルミサルタン錠４０ｍｇ｢ＤＳＥＰ｣,226.00,16
20250804,1124009F1398,4987128320011,ブロチゾラム錠０.２５ｍｇ｢ヨシトミ｣,28.00,16
20250804,2329021F1331,4987035209614,レバミピド錠１００ｍｇ｢オーツカ｣,84.00,16
20250804,2329021F1331,4987035209713,レバミピド錠１００ｍｇ｢オーツカ｣,168.00,16
20250804,2189017F1030,4987081186907,ロスバスタチン錠２.５ｍｇ｢ＤＳＥＰ｣,84.00,16
20250804,3339002F6021,4987081107070,リクシアナＯＤ錠６０ｍｇ,28.00,16
20250804,2329012M1374,4987476119862,テプレノンカプセル５０ｍｇ｢ＹＤ｣,168.00,15
20250804,3122007F2063,4987155004168,フルスルチアミン錠２５ｍｇ｢トーワ｣,84.00,16
20250804,2149010G1047,4987925106603,セロケンＬ錠１２０ｍｇ,42.00,16
20250804,3969107F1022,4987233105343,スージャヌ配合錠,161.00,16
20250804,2329023F1144,4987123415880,ランソプラゾールＯＤ錠１５ｍｇ｢武田テバ｣,86.00,16
20250804,2590017F1025,4987060008688,ベオーバ錠５０ｍｇ,28.00,16
20250804,2359006M2021,4987901110006,アミティーザカプセル１２μｇ,56.00,15
20250804,3999001Q6029,4987086220569,ラグノスＮＦ経口ゼリー分包１２ｇ　５４.１６７％,90.00,18
20250804,3969004F4143,4987123416627,ボグリボースＯＤ錠０.３ｍｇ｢武田テバ｣,63.00,16
20250804,1149019F1730,4987123417280,ロキソプロフェンＮａ錠６０ｍｇ｢武田テバ｣,158.00,16
20250804,2189018F1035,4987081189458,エゼチミブ錠１０ｍｇ｢ＤＳＥＰ｣,28.00,16
20250804,2190041F3020,4987443384446,エンレスト錠２００ｍｇ,28.00,16
20250804,2359110B1037,4987699059402,モビコール配合内用剤ＬＤ　６.８５２３ｇ,56.00,18
20250804,3962002F2124,4987116530323,メトホルミン塩酸塩錠２５０ｍｇＭＴ｢ＤＳＰＢ｣,196.00,16
20250804,3962002F3120,4987116530347,メトホルミン塩酸塩錠５００ｍｇＭＴ｢ＤＳＰＢ｣,56.00,16
20250804,1179052F3034,4987222001755,デュロキセチンＯＤ錠２０ｍｇ｢明治｣,28.00,16
20250804,3112006M2053,4987155152074,エルデカルシトールカプセル０.７５μｇ｢トーワ｣,28.00,15
20250804,2149032F3121,4987081185412,カルベジロール錠１.２５ｍｇ｢ＤＳＥＰ｣,56.00,16
20250804,6250019F1365,4987614439401,バラシクロビル錠５００ｍｇ｢ＳＰＫＫ｣,10.00,16
20250804,1139010F2101,4987376067201,レベチラセタム錠５００ｍｇ｢日医工｣,56.00,16
20250804,2139005F1117,4987123875240,フロセミド錠２０ｍｇ｢ＮＩＧ｣,28.00,16
20250804,2399010F2300,4987901094207,モサプリドクエン酸塩錠５ｍｇ｢ＶＴＲＳ｣,84.00,16
20250804,2329029M2104,4987190020338,エソメプラゾールカプセル２０ｍｇ｢ニプロ｣,58.00,15
20250804,1339002F1543,4987123873758,ジフェニドール塩酸塩錠２５ｍｇ｢ＮＩＧ｣,272.00,16
20250804,2171022F1487,4987901128209,アムロジピン錠２.５ｍｇ｢ＶＴＲＳ｣,28.00,16
20250804,2171022F2483,4987901128605,アムロジピン錠５ｍｇ｢ＶＴＲＳ｣,202.00,16
20250804,2171022F2483,4987901128704,アムロジピン錠５ｍｇ｢ＶＴＲＳ｣,28.00,16
20250804,2171022F6306,4987901126809,アムロジピンＯＤ錠１０ｍｇ｢ＶＴＲＳ｣,28.00,16
20250804,1149037F1224,4987901129107,セレコキシブ錠１００ｍｇ｢ＶＴＲＳ｣,112.00,16
20250804,2149026F2332,4987901129800,ドキサゾシン錠１ｍｇ｢ＶＴＲＳ｣,28.00,16
20250804,2183007G1020,4987770529800,パルモディアＸＲ錠０.２ｍｇ,28.00,16
20250804,6132016F2127,4987155165265,セフカペンピボキシル塩酸塩錠１００ｍｇ｢ＴＷ｣,15.00,16
20250804,6132016F2127,4987155165128,セフカペンピボキシル塩酸塩錠１００ｍｇ｢ＴＷ｣,15.00,16
20250804,2399710E1046,4987222697415,ＳＰトローチ０.２５ｍｇ｢明治｣,150.00,16
20250804,2647709N1060,4987087003871,リンデロン−ＶＧクリーム０.１２％,20.00,33
20250804,2646725M1236,4987020021016,ジフルプレドナート軟膏０.０５％｢イワキ｣,10.00,33
20250804,2649729S2169,4987188412077,モーラステープ２０ｍｇ　７ｃｍ×１０ｃｍ,63.00,6
20250804,2260700F1021,4987173015818,アズノールうがい液４％,15.00,36
20250804,2649729S3084,4987188412176,モーラステープＬ４０ｍｇ　１０ｃｍ×１４ｃｍ,161.00,6
20250804,2649735S3020,4987081100316,ロキソニンテープ１００ｍｇ　１０ｃｍ×１４ｃｍ,63.00,6
20250804,2259704G9033,4987035510611,メプチンエアー１０μｇ吸入１００回　０.０１４３％５ｍＬ,1.00,51
20250804,1319758Q1021,4987084170101,ジクアス点眼液３％　５ｍＬ,2.00,19
20250804,6250700M1227,4987020017385,ビダラビン軟膏３％｢イワキ｣,10.00,33
20250804,2649729S5036,4987641077829,ケトプロフェンパップＸＲ１２０ｍｇ｢テイコク｣　１０ｃｍ×１４ｃｍ,63.00,6
20250804,2259707S3228,4987901069809,ツロブテロールテープ２ｍｇ｢ＶＴＲＳ｣,10.00,6
20250804,2649735S3292,4987081189960,ロキソプロフェンＮａテープ１００ｍｇ｢ＤＳＥＰ｣　１０ｃｍ×１４ｃｍ,252.00,6
20250804,2492415G1031,4987616002467,ノボラピッド注　フレックスペン　３００単位,4.00,51
20250804,2492414G5024,4987428879905,ヒューマログ注ミリオペン　３００単位,2.00,51
20250804,2492416G2024,4987199101854,ランタス注ソロスター　３００単位,2.00,51
20250804,,4987616003631,ペンニードルプラス,280.00,7
20250805,2229001F1053,4987858100044,アストミン錠１０ｍｇ,75.00,16
20250805,3992001D1059,4987770528803,アデホスコーワ顆粒１０％,90.00,33
20250805,1124023F2033,4987901007405,ソラナックス０.８ｍｇ錠,33.00,16
20250805,2432001F1033,4987123158831,メルカゾール錠５ｍｇ,28.00,16
20250805,3140002D1037,4987123108324,ハイシー顆粒２５％,56.00,33
20250805,1180107D1131,4987087035049,ＰＬ配合顆粒,15.00,33
20250805,2316017F1035,4987158701569,ビオスリー配合錠,42.00,16
20250805,3136004F2138,4987028266563,メチコバール錠５００μｇ　０.５ｍｇ,84.00,16
20250805,2171022F2025,4987901008303,ノルバスク錠５ｍｇ,56.00,16
20250805,1180107D1123,4987155071078,トーワチーム配合顆粒,45.00,33
20250805,1180109F1034,4987813702047,ピーエイ配合錠,15.00,16
20250805,1124007F2239,4987376371117,トリアゾラム錠０.２５ｍｇ｢日医工｣,11.00,16
20250805,1141007F1063,4987896010817,カロナール錠２００　２００ｍｇ,6.00,16
20250805,2431004F1056,4987123155144,チラーヂンＳ錠５０μｇ,360.00,16
20250805,2189015F1023,4987901017305,リピトール錠５ｍｇ,28.00,16
20250805,2189015F2020,4987901017701,リピトール錠１０ｍｇ,28.00,16
20250805,1124008F1067,4987058565032,フルニトラゼパム錠１ｍｇ｢アメル｣,134.00,16
20250805,3399007H1021,4987341103095,バイアスピリン錠１００ｍｇ,28.00,16
20250805,2329023F1020,4987123140225,タケプロンＯＤ錠１５　１５ｍｇ,30.00,16
20250805,3327002F1169,4987476113310,トラネキサム酸錠２５０ｍｇ｢ＹＤ｣,45.00,16
20250805,3969010F2030,4987185809900,ジャヌビア錠５０ｍｇ,118.00,16
20250805,3961008F3023,4987199100550,アマリール０.５ｍｇ錠,35.00,16
20250805,2590008F2090,4987916002211,タムスロシン塩酸塩ＯＤ錠０.２ｍｇ｢明治｣,18.00,16
20250805,2329027F1037,4987080681014,ポラプレジンクＯＤ錠７５ｍｇ｢サワイ｣,28.00,16
20250805,2329028F1104,4987080670018,ラベプラゾールＮａ錠１０ｍｇ｢サワイ｣,28.00,16
20250805,2189010F1330,4987080773016,プラバスタチンＮａ錠５ｍｇ｢サワイ｣,42.00,16
20250805,2189010F2353,4987080774013,プラバスタチンＮａ錠１０ｍｇ｢サワイ｣,60.00,16
20250805,2189015F1120,4987376069410,アトルバスタチン錠５ｍｇ｢日医工｣,35.00,16
20250805,2189015F2127,4987376069519,アトルバスタチン錠１０ｍｇ｢日医工｣,91.00,16
20250805,2171017F2156,4987080633112,ニコランジル錠５ｍｇ｢サワイ｣,84.00,16
20250805,2149039F2100,4987155592016,ロサルタンＫ錠５０ｍｇ｢トーワ｣,60.00,16
20250805,2149039F3093,4987155593020,ロサルタンＫ錠１００ｍｇ｢トーワ｣,30.00,16
20250805,2133001F1590,4987376007313,スピロノラクトン錠２５ｍｇ｢日医工｣,58.00,16
20250805,3943001F1586,4987080396017,アロプリノール錠１００ｍｇ｢サワイ｣,98.00,16
20250805,2233002F1298,4987155244151,カルボシステイン錠２５０ｍｇ｢トーワ｣,15.00,16
20250805,2233002F1298,4987155244175,カルボシステイン錠２５０ｍｇ｢トーワ｣,30.00,16
20250805,4490023F1091,4987376556712,フェキソフェナジン塩酸塩錠６０ｍｇ｢ＳＡＮＩＫ｣,60.00,16
20250805,4490003M1352,4987080037712,ケトチフェンカプセル１ｍｇ｢サワイ｣,56.00,15
20250805,2354003F2367,4987080034711,センノシド錠１２ｍｇ｢サワイ｣,116.00,16
20250805,2189016F2130,4987080002017,ピタバスタチンＣａ錠２ｍｇ｢サワイ｣,28.00,16
20250805,3969018F2029,4987233102878,スーグラ錠５０ｍｇ,133.00,16
20250805,2344009F2082,4987286113500,酸化マグネシウム錠３３０ｍｇ｢ケンエー｣,110.00,16
20250805,2190006M2233,4987376056229,トコフェロールニコチン酸エステルカプセル２００ｍｇ｢日医工｣,210.00,15
20250805,1179037F2050,4987058013281,トラゾドン塩酸塩錠５０ｍｇ｢アメル｣,22.00,16
20250805,2149041F2230,4987614412909,バルサルタン錠４０ｍｇ｢サンド｣,28.00,16
20250805,2149041F3236,4987614413012,バルサルタン錠８０ｍｇ｢サンド｣,30.00,16
20250805,3949002F2203,4987155067132,ベンズブロマロン錠５０ｍｇ｢トーワ｣,28.00,16
20250805,3969023F1023,4987413300612,ジャディアンス錠１０ｍｇ,30.00,16
20250805,2329030F1020,4987123154352,タケキャブ錠１０ｍｇ,63.00,16
20250805,3136004F2278,4987171659304,メコバラミン錠５００μｇ｢ＳＷ｣　０.５ｍｇ,216.00,16
20250805,3399008F1114,4987376097710,クロピドグレル錠２５ｍｇ｢ＳＡＮＩＫ｣,56.00,16
20250805,3399008F2110,4987376097819,クロピドグレル錠７５ｍｇ｢ＳＡＮＩＫ｣,63.00,16
20250805,3969104F2025,4987116530170,エクメット配合錠ＨＤ,182.00,16
20250805,3969025F2029,4987051276331,マリゼブ錠２５ｍｇ,4.00,16
20250805,2149114F1102,4987476170306,アムバロ配合錠｢ＹＤ｣,241.00,16
20250805,2149116F2035,4987123159166,カムシア配合錠ＨＤ｢あすか｣,28.00,16
20250805,1179044F1142,4987155273045,オランザピン錠２.５ｍｇ｢トーワ｣,11.00,16
20250805,2149110F2240,4987376085403,ロサルヒド配合錠ＨＤ｢日医工｣,28.00,16
20250805,4490033F1028,4987222682152,ビラノア錠２０ｍｇ,7.00,16
20250805,1179045F1104,4987376516303,アリピプラゾール錠３ｍｇ｢日医工｣,11.00,16
20250805,2149042F2030,4987081186518,テルミサルタン錠４０ｍｇ｢ＤＳＥＰ｣,147.00,16
20250805,1124009F1398,4987128320011,ブロチゾラム錠０.２５ｍｇ｢ヨシトミ｣,100.00,16
20250805,2590007F2290,4987155783049,プロピベリン塩酸塩錠２０ｍｇ｢トーワ｣,28.00,16
20250805,2329021F1331,4987035209713,レバミピド錠１００ｍｇ｢オーツカ｣,146.00,16
20250805,2189017F1030,4987081186907,ロスバスタチン錠２.５ｍｇ｢ＤＳＥＰ｣,230.00,16
20250805,3339002F5025,4987081107032,リクシアナＯＤ錠３０ｍｇ,30.00,16
20250805,4490022F4037,4987190510808,ベポタスチンベシル酸塩ＯＤ錠１０ｍｇ｢タナベ｣,28.00,16
20250805,3969011F1020,4987116530217,エクア錠５０ｍｇ,28.00,16
20250805,3969107F1022,4987233105343,スージャヌ配合錠,50.00,16
20250805,1190015F1038,4987080266365,ナルフラフィン塩酸塩ＯＤ錠２.５μｇ｢サワイ｣,7.00,16
20250805,2329023F1144,4987123415880,ランソプラゾールＯＤ錠１５ｍｇ｢武田テバ｣,14.00,16
20250805,1190019F5031,4987081189700,ガランタミンＯＤ錠８ｍｇ｢ＤＳＥＰ｣,56.00,16
20250805,2190041F3020,4987443384446,エンレスト錠２００ｍｇ,123.00,16
20250805,3962002F2124,4987116530323,メトホルミン塩酸塩錠２５０ｍｇＭＴ｢ＤＳＰＢ｣,144.00,16
20250805,1339005F1482,4987376711005,ベタヒスチンメシル酸塩錠６ｍｇ｢日医工Ｐ｣,180.00,16
20250805,1129010F3110,4987080322115,エスゾピクロン錠３ｍｇ｢サワイ｣,28.00,16
20250805,2149121F2079,4987123001175,ジルムロ配合錠ＨＤ｢武田テバ｣,35.00,16
20250805,3999018F2192,4987376710015,アレンドロン酸錠３５ｍｇ｢ＮＩＧ｣,4.00,16
20250805,3112006M2053,4987155152074,エルデカルシトールカプセル０.７５μｇ｢トーワ｣,12.00,15
20250805,2149032F1170,4987081185481,カルベジロール錠１０ｍｇ｢ＤＳＥＰ｣,60.00,16
20250805,2329008S1130,4987123001564,スクラルファート内用液１０％｢ＮＩＧ｣,1050.00,36
20250805,3949003F1040,4987081185719,フェブキソスタット錠１０ｍｇ｢ＤＳＥＰ｣,28.00,16
20250805,2139005F1117,4987123875240,フロセミド錠２０ｍｇ｢ＮＩＧ｣,28.00,16
20250805,2171021F2322,4987123872997,ベニジピン塩酸塩錠４ｍｇ｢ＮＩＧ｣,28.00,16
20250805,1249009F1511,4987123871051,エペリゾン塩酸塩錠５０ｍｇ｢ＮＩＧ｣,84.00,16
20250805,1129009F1378,4987123872096,ゾルピデム酒石酸塩錠５ｍｇ｢ＮＩＧ｣,28.00,16
20250805,1129009F2374,4987123872058,ゾルピデム酒石酸塩錠１０ｍｇ｢ＮＩＧ｣,28.00,16
20250805,3399006F2308,4987123873857,サルポグレラート塩酸塩錠１００ｍｇ｢ＮＩＧ｣,84.00,16
20250805,2171022F1487,4987901128209,アムロジピン錠２.５ｍｇ｢ＶＴＲＳ｣,35.00,16
20250805,2171022F2483,4987901128605,アムロジピン錠５ｍｇ｢ＶＴＲＳ｣,91.00,16
20250805,2171022F2483,4987901128704,アムロジピン錠５ｍｇ｢ＶＴＲＳ｣,30.00,16
20250805,2149026F2332,4987901129800,ドキサゾシン錠１ｍｇ｢ＶＴＲＳ｣,28.00,16
20250805,2183007G1020,4987770529800,パルモディアＸＲ錠０.２ｍｇ,114.00,16
20250805,6132016F2127,4987155165265,セフカペンピボキシル塩酸塩錠１００ｍｇ｢ＴＷ｣,15.00,16
20250805,6132016F2127,4987155165128,セフカペンピボキシル塩酸塩錠１００ｍｇ｢ＴＷ｣,15.00,16
20250805,3969011F1080,4987155165241,ビルダグリプチン錠５０ｍｇ｢トーワ｣,84.00,16
20250805,2399710E1046,4987222697415,ＳＰトローチ０.２５ｍｇ｢明治｣,60.00,16
20250805,2634710M1077,4987120263002,ゲンタシン軟膏０.１％　１ｍｇ,20.00,33
20250805,2649727M1059,4987901117203,フエナゾール軟膏５％,30.00,33
20250805,2647709N1060,4987087003871,リンデロン−ＶＧクリーム０.１２％,15.00,33
20250805,2647709M1102,4987087003826,リンデロン−ＶＧ軟膏０.１２％,5.00,33
20250805,2647709Q1040,4987087029000,リンデロン−ＶＧローション,10.00,36
20250805,2646730M1059,4987158144007,アンテベート軟膏０.０５％,15.00,33
20250805,2260700F1021,4987173015818,アズノールうがい液４％,10.00,36
20250805,2649729S3084,4987188412176,モーラステープＬ４０ｍｇ　１０ｃｍ×１４ｃｍ,154.00,6
20250805,2649735S3020,4987081100316,ロキソニンテープ１００ｍｇ　１０ｃｍ×１４ｃｍ,63.00,6
20250805,2649735S3020,4987081101092,ロキソニンテープ１００ｍｇ　１０ｃｍ×１４ｃｍ,63.00,6
20250805,2649735Q1020,4987081105519,ロキソニンゲル１％,75.00,33
20250805,2259807G2022,4987413836029,スピオルトレスピマット６０吸入,3.00,51
20250805,2649729S3203,4987086533546,ケトプロフェンテープ４０ｍｇ｢三和｣　１０ｃｍ×１４ｃｍ,63.00,6
20250805,2649735S2296,4987081189939,ロキソプロフェンＮａテープ５０ｍｇ｢ＤＳＥＰ｣　７ｃｍ×１０ｃｍ,63.00,6
20250805,2649735S3292,4987081189960,ロキソプロフェンＮａテープ１００ｍｇ｢ＤＳＥＰ｣　１０ｃｍ×１４ｃｍ,252.00,6
20250805,2492415G1031,4987616002467,ノボラピッド注　フレックスペン　３００単位,7.00,51
20250805,2492419G1021,4987616003167,トレシーバ注　フレックスタッチ　３００単位,1.00,51
20250805,2492500G1025,4987616003211,ライゾデグ配合注　フレックスタッチ　３００単位,5.00,51
20250805,2499418G4027,4987616003655,オゼンピック皮下注２ｍｇ　１.５ｍＬ,1.00,51
20250805,,4987616003631,ペンニードルプラス,266.00,7
20250806,2229001F1053,4987858100044,アストミン錠１０ｍｇ,75.00,16
20250806,3992001D1059,4987770528803,アデホスコーワ顆粒１０％,140.00,33
20250806,2329008C1097,4987376331821,アルサルミン細粒９０％,84.00,33
20250806,2171005F2021,4987770588807,コメリアンコーワ錠１００　１００ｍｇ,84.00,16
20250806,1124008F1024,4987028234784,サイレース錠１ｍｇ,28.00,16
20250806,1339002F1438,4987173017720,セファドール錠２５ｍｇ,42.00,16
20250806,1124023F2033,4987901007405,ソラナックス０.８ｍｇ錠,28.00,16
20250806,5200067D1049,4987138806840,ツムラ芍薬甘草湯エキス顆粒(医療用),210.00,33
20250806,5200131D1065,4987138804143,ツムラ補中益気湯エキス顆粒(医療用),265.00,33
20250806,1179025F1026,4987128006496,デパス錠０.５ｍｇ,28.00,16
20250806,3133001F4020,4987274129759,パントシン錠２００　２００ｍｇ,56.00,16
20250806,3136004F2138,4987028266563,メチコバール錠５００μｇ　０.５ｍｇ,42.00,16
20250806,1149019F1560,4987081105403,ロキソニン錠６０ｍｇ,84.00,16
20250806,1180107D1123,4987155071078,トーワチーム配合顆粒,105.00,33
20250806,1141007F1063,4987896010817,カロナール錠２００　２００ｍｇ,17.00,16
20250806,1124008F1067,4987058565032,フルニトラゼパム錠１ｍｇ｢アメル｣,84.00,16
20250806,3399007H1021,4987341103095,バイアスピリン錠１００ｍｇ,28.00,16
20250806,1124008F2047,4987058566039,フルニトラゼパム錠２ｍｇ｢アメル｣,28.00,16
20250806,2316020F1029,4987306066212,ビオフェルミン錠剤,168.00,16
20250806,2231001Q1036,4987286105239,セネガシロップ｢ケンエー｣,70.00,36
20250806,3327002F1169,4987476113310,トラネキサム酸錠２５０ｍｇ｢ＹＤ｣,45.00,16
20250806,4490019F4108,4987080120018,エバスチンＯＤ錠１０ｍｇ｢サワイ｣,14.00,16
20250806,4490017M1109,4987080515081,プランルカストカプセル１１２.５ｍｇ｢サワイ｣,252.00,15
20250806,2149047F1028,4987858210125,ラジレス錠１５０ｍｇ,28.00,16
20250806,3969010F2030,4987185809900,ジャヌビア錠５０ｍｇ,177.00,16
20250806,2241001X1118,4987290241732,キョウニン水(山善),30.00,36
20250806,3961008F1225,4987086170802,グリメピリド錠１ｍｇ｢三和｣,56.00,16
20250806,2590008F2090,4987916002211,タムスロシン塩酸塩ＯＤ錠０.２ｍｇ｢明治｣,56.00,16
20250806,3969102F1020,4987051183127,グルベス配合錠,42.00,16
20250806,2329029M2023,4987650706109,ネキシウムカプセル２０ｍｇ,14.00,15
20250806,2590014F2028,4987233103042,ベタニス錠５０ｍｇ,28.00,16
20250806,2189011F1203,4987080783015,シンバスタチン錠５ｍｇ｢ＳＷ｣,14.00,16
20250806,2189010F2353,4987080774013,プラバスタチンＮａ錠１０ｍｇ｢サワイ｣,91.00,16
20250806,2189015F2127,4987376069519,アトルバスタチン錠１０ｍｇ｢日医工｣,98.00,16
20250806,1179025F2197,4987080192015,エチゾラム錠１ｍｇ｢ＳＷ｣,28.00,16
20250806,2149039F2100,4987155592016,ロサルタンＫ錠５０ｍｇ｢トーワ｣,56.00,16
20250806,2133001F1590,4987376007313,スピロノラクトン錠２５ｍｇ｢日医工｣,28.00,16
20250806,3943001F1586,4987080396017,アロプリノール錠１００ｍｇ｢サワイ｣,28.00,16
20250806,2233002F1298,4987155244151,カルボシステイン錠２５０ｍｇ｢トーワ｣,117.00,16
20250806,2325003F4244,4987123407915,ファモチジンＯＤ錠２０ｍｇ｢テバ｣,56.00,16
20250806,4490023F1091,4987376556712,フェキソフェナジン塩酸塩錠６０ｍｇ｢ＳＡＮＩＫ｣,60.00,16
20250806,2129003M2192,4987080033912,メキシレチン塩酸塩カプセル１００ｍｇ｢サワイ｣,56.00,15
20250806,2144002F1300,4987080035411,エナラプリルマレイン酸塩錠２.５ｍｇ｢サワイ｣,28.00,16
20250806,2354003F2367,4987080034711,センノシド錠１２ｍｇ｢サワイ｣,112.00,16
20250806,2123016F1131,4987376075312,ビソプロロールフマル酸塩錠２.５ｍｇ｢日医工｣,14.00,16
20250806,2123016F2219,4987376075411,ビソプロロールフマル酸塩錠５ｍｇ｢日医工｣,28.00,16
20250806,2189016F2130,4987080002017,ピタバスタチンＣａ錠２ｍｇ｢サワイ｣,90.00,16
20250806,2189016F3080,4987080002215,ピタバスタチンＣａ錠４ｍｇ｢サワイ｣,28.00,16
20250806,1124022F2110,4987080037514,ロラゼパム錠１ｍｇ｢サワイ｣,84.00,16
20250806,3969018F2029,4987233102878,スーグラ錠５０ｍｇ,112.00,16
20250806,3399009F1020,4987081103324,エフィエント錠３.７５ｍｇ,28.00,16
20250806,3969021F1032,4987770510501,デベルザ錠２０ｍｇ,28.00,16
20250806,2149032F4039,4987080680017,カルベジロール錠２.５ｍｇ｢サワイ｣,224.00,16
20250806,3222013F1157,4987080100119,クエン酸第一鉄Ｎａ錠５０ｍｇ｢サワイ｣　鉄５０ｍｇ,28.00,16
20250806,2344009F2082,4987286113500,酸化マグネシウム錠３３０ｍｇ｢ケンエー｣,98.00,16
20250806,2190006M2233,4987376056229,トコフェロールニコチン酸エステルカプセル２００ｍｇ｢日医工｣,126.00,15
20250806,2190006M2233,4987376056212,トコフェロールニコチン酸エステルカプセル２００ｍｇ｢日医工｣,84.00,15
20250806,2171005F1335,4987080303718,ジラゼプ塩酸塩錠５０ｍｇ｢サワイ｣,84.00,16
20250806,3969023F1023,4987413300612,ジャディアンス錠１０ｍｇ,63.00,16
20250806,2329030F1020,4987123154352,タケキャブ錠１０ｍｇ,28.00,16
20250806,2139008F2044,4987792291815,アゾセミド錠３０ｍｇ｢ＪＧ｣,14.00,16
20250806,3969104F2025,4987116530170,エクメット配合錠ＨＤ,84.00,16
20250806,3969025F2029,4987051276331,マリゼブ錠２５ｍｇ,4.00,16
20250806,2149114F1102,4987476170306,アムバロ配合錠｢ＹＤ｣,170.00,16
20250806,2344009F4069,4987288447139,酸化マグネシウム錠５００ｍｇ｢ヨシダ｣,56.00,16
20250806,2149112F2070,4987080344117,バルヒディオ配合錠ＥＸ｢サワイ｣,14.00,16
20250806,2149117F1033,4987081186754,テラムロ配合錠ＡＰ｢ＤＳＥＰ｣,60.00,16
20250806,2149042F2030,4987081186518,テルミサルタン錠４０ｍｇ｢ＤＳＥＰ｣,249.00,16
20250806,1124009F1398,4987128320011,ブロチゾラム錠０.２５ｍｇ｢ヨシトミ｣,182.00,16
20250806,2590007F2290,4987155783049,プロピベリン塩酸塩錠２０ｍｇ｢トーワ｣,28.00,16
20250806,3131002F1330,4987060307354,リボフラビン酪酸エステル錠２０ｍｇ｢杏林｣,56.00,16
20250806,2329021F1331,4987035209713,レバミピド錠１００ｍｇ｢オーツカ｣,126.00,16
20250806,2189017F1030,4987081186907,ロスバスタチン錠２.５ｍｇ｢ＤＳＥＰ｣,170.00,16
20250806,2189017F2037,4987081187003,ロスバスタチン錠５ｍｇ｢ＤＳＥＰ｣,14.00,16
20250806,3339002F5025,4987081107032,リクシアナＯＤ錠３０ｍｇ,42.00,16
20250806,3122007F2063,4987155004168,フルスルチアミン錠２５ｍｇ｢トーワ｣,168.00,16
20250806,2359008F1025,4987699050027,グーフィス錠５ｍｇ,56.00,16
20250806,3969107F1022,4987233105343,スージャヌ配合錠,28.00,16
20250806,2329023F1144,4987123415880,ランソプラゾールＯＤ錠１５ｍｇ｢武田テバ｣,14.00,16
20250806,2590017F1025,4987060008688,ベオーバ錠５０ｍｇ,40.00,16
20250806,3969004F3147,4987123416603,ボグリボースＯＤ錠０.２ｍｇ｢武田テバ｣,84.00,16
20250806,1149019F1730,4987123417280,ロキソプロフェンＮａ錠６０ｍｇ｢武田テバ｣,192.00,16
20250806,1190019F5031,4987081189700,ガランタミンＯＤ錠８ｍｇ｢ＤＳＥＰ｣,56.00,16
20250806,3999027F1039,4987080199113,バゼドキシフェン錠２０ｍｇ｢サワイ｣,14.00,16
20250806,2190041F3020,4987443384446,エンレスト錠２００ｍｇ,112.00,16
20250806,3999049F2023,4987057649306,ダーブロック錠２ｍｇ,7.00,16
20250806,2499014F2028,4987616003969,リベルサス錠７ｍｇ,28.00,16
20250806,3962002F2124,4987116530323,メトホルミン塩酸塩錠２５０ｍｇＭＴ｢ＤＳＰＢ｣,118.00,16
20250806,3962002F3120,4987116530347,メトホルミン塩酸塩錠５００ｍｇＭＴ｢ＤＳＰＢ｣,28.00,16
20250806,1129010F2113,4987080320111,エスゾピクロン錠２ｍｇ｢サワイ｣,40.00,16
20250806,2149121F2079,4987123001175,ジルムロ配合錠ＨＤ｢武田テバ｣,42.00,16
20250806,3112006M2053,4987155152074,エルデカルシトールカプセル０.７５μｇ｢トーワ｣,56.00,15
20250806,2590011F4078,4987376349901,ソリフェナシンコハク酸塩ＯＤ錠５ｍｇ｢日医工｣,56.00,16
20250806,1179041F3354,4987614439708,パロキセチン錠５ｍｇ｢ＳＰＫＫ｣,15.00,16
20250806,3999013F1410,4987901039406,エパルレスタット錠５０ｍｇ｢ＶＴＲＳ｣,84.00,16
20250806,3949003F1040,4987081185719,フェブキソスタット錠１０ｍｇ｢ＤＳＥＰ｣,56.00,16
20250806,2139005F3063,4987123874540,フロセミド錠１０ｍｇ｢ＮＩＧ｣,7.00,16
20250806,2399010F2300,4987901094207,モサプリドクエン酸塩錠５ｍｇ｢ＶＴＲＳ｣,84.00,16
20250806,2329029M2104,4987190020338,エソメプラゾールカプセル２０ｍｇ｢ニプロ｣,21.00,15
20250806,3112006F2020,4987155161052,エディロール錠０.７５μｇ,14.00,16
20250806,1339002F1543,4987123873758,ジフェニドール塩酸塩錠２５ｍｇ｢ＮＩＧ｣,182.00,16
20250806,3399006F2308,4987123873857,サルポグレラート塩酸塩錠１００ｍｇ｢ＮＩＧ｣,42.00,16
20250806,2171022F1487,4987901128209,アムロジピン錠２.５ｍｇ｢ＶＴＲＳ｣,84.00,16
20250806,2171022F2483,4987901128605,アムロジピン錠５ｍｇ｢ＶＴＲＳ｣,60.00,16
20250806,1149037F1224,4987901129107,セレコキシブ錠１００ｍｇ｢ＶＴＲＳ｣,42.00,16
20250806,2149026F2332,4987901129800,ドキサゾシン錠１ｍｇ｢ＶＴＲＳ｣,42.00,16
20250806,2183007G1020,4987770529800,パルモディアＸＲ錠０.２ｍｇ,28.00,16
20250806,6132016F2127,4987155165265,セフカペンピボキシル塩酸塩錠１００ｍｇ｢ＴＷ｣,45.00,16
20250806,6132016F2127,4987155165128,セフカペンピボキシル塩酸塩錠１００ｍｇ｢ＴＷ｣,30.00,16
20250806,3969017F2032,4987080015710,サキサグリプチン錠５ｍｇ｢サワイ｣,28.00,16
20250806,3969011F1080,4987155165241,ビルダグリプチン錠５０ｍｇ｢トーワ｣,28.00,16
20250806,2399710E1046,4987222697415,ＳＰトローチ０.２５ｍｇ｢明治｣,144.00,16
20250806,1329706Q1039,4987274130618,タリビッド耳科用液０.３％　３ｍｇ,5.00,36
20250806,2646725M1236,4987020020996,ジフルプレドナート軟膏０.０５％｢イワキ｣,5.00,33
20250806,2649729S2169,4987188412077,モーラステープ２０ｍｇ　７ｃｍ×１０ｃｍ,28.00,6
20250806,2649729S3084,4987188412176,モーラステープＬ４０ｍｇ　１０ｃｍ×１４ｃｍ,35.00,6
20250806,2290800G5038,4987246745222,アドエア２５０ディスカス６０吸入用　６０ブリスター,1.00,51
20250806,2259704G9033,4987035510611,メプチンエアー１０μｇ吸入１００回　０.０１４３％５ｍＬ,3.00,51
20250806,2559814M1042,4987328145445,ネリザ軟膏,60.00,33
20250806,2649734Q1085,4987174414016,ジクロフェナクＮａゲル１％｢日本臓器｣,50.00,33
20250806,1324702Q1042,4987274083389,トラマゾリン点鼻液０.１１８％｢ＡＦＰ｣,20.00,36
20250806,2260701F1409,4987222671422,ポビドンヨードガーグル液７％｢明治｣,90.00,36
20250806,2669701N2113,4987047110885,尿素クリーム２０％｢ＳＵＮ｣,50.00,33
20250806,2259707S3228,4987901069809,ツロブテロールテープ２ｍｇ｢ＶＴＲＳ｣,5.00,6
20250806,2649735S2296,4987081189939,ロキソプロフェンＮａテープ５０ｍｇ｢ＤＳＥＰ｣　７ｃｍ×１０ｃｍ,35.00,6
20250806,2649735S3292,4987081189960,ロキソプロフェンＮａテープ１００ｍｇ｢ＤＳＥＰ｣　１０ｃｍ×１４ｃｍ,203.00,6
20250806,2492500G1025,4987616003211,ライゾデグ配合注　フレックスタッチ　３００単位,9.00,51
20250806,2499418G4027,4987616003655,オゼンピック皮下注２ｍｇ　１.５ｍＬ,1.00,51
20250806,2499422G2020,4987128305216,マンジャロ皮下注５ｍｇアテオス　０.５ｍＬ,4.00,51
20250806,,4987616003631,ペンニードルプラス,238.00,7
20250807,2229001F1053,4987858100044,アストミン錠１０ｍｇ,60.00,16
20250807,3992001D1059,4987770528803,アデホスコーワ顆粒１０％,84.00,33
20250807,1179025F1026,4987128006496,デパス錠０.５ｍｇ,28.00,16
20250807,2316004F1020,4987306066984,ビオフェルミンＲ錠,51.00,16
20250807,1124009F1223,4987413580717,レンドルミン錠０.２５ｍｇ,28.00,16
20250807,2329026D1031,4987128087839,ガストローム顆粒６６.７％,84.00,33
20250807,2171022F2025,4987901008303,ノルバスク錠５ｍｇ,28.00,16
20250807,1180107D1123,4987155071078,トーワチーム配合顆粒,60.00,33
20250807,1141007F1063,4987896010817,カロナール錠２００　２００ｍｇ,13.00,16
20250807,2431004F1056,4987123155144,チラーヂンＳ錠５０μｇ,190.00,16
20250807,1124008F1067,4987058565032,フルニトラゼパム錠１ｍｇ｢アメル｣,35.00,16
20250807,3399007H1021,4987341103095,バイアスピリン錠１００ｍｇ,49.00,16
20250807,2316020F1029,4987306066212,ビオフェルミン錠剤,189.00,16
20250807,2231001Q1036,4987286105239,セネガシロップ｢ケンエー｣,70.00,36
20250807,2171014G5068,4987080556114,ニフェジピンＣＲ錠４０ｍｇ｢サワイ｣,28.00,16
20250807,3327002F1169,4987476113310,トラネキサム酸錠２５０ｍｇ｢ＹＤ｣,15.00,16
20250807,3969010F2030,4987185809900,ジャヌビア錠５０ｍｇ,175.00,16
20250807,2241001X1118,4987290241732,キョウニン水(山善),30.00,36
20250807,2590008F2090,4987916002211,タムスロシン塩酸塩ＯＤ錠０.２ｍｇ｢明治｣,28.00,16
20250807,2329028F1104,4987080670018,ラベプラゾールＮａ錠１０ｍｇ｢サワイ｣,28.00,16
20250807,3969102F1020,4987051183127,グルベス配合錠,126.00,16
20250807,3969103F2020,4987123150002,リオベル配合錠ＨＤ,28.00,16
20250807,2189010F2353,4987080774013,プラバスタチンＮａ錠１０ｍｇ｢サワイ｣,154.00,16
20250807,2189015F2127,4987376069519,アトルバスタチン錠１０ｍｇ｢日医工｣,42.00,16
20250807,1179025F1239,4987080190011,エチゾラム錠０.５ｍｇ｢ＳＷ｣,70.00,16
20250807,2149039F1040,4987081182664,ロサルタンＫ錠２５ｍｇ｢ＤＳＥＰ｣,30.00,16
20250807,2149039F2100,4987155592016,ロサルタンＫ錠５０ｍｇ｢トーワ｣,28.00,16
20250807,2133001F1590,4987376007313,スピロノラクトン錠２５ｍｇ｢日医工｣,70.00,16
20250807,3969006F2050,4987123405997,ナテグリニド錠９０ｍｇ｢テバ｣,28.00,16
20250807,3943001F1586,4987080396017,アロプリノール錠１００ｍｇ｢サワイ｣,22.00,16
20250807,2233002F1280,4987080323013,カルボシステイン錠２５０ｍｇ｢サワイ｣,15.00,16
20250807,2233002F1280,4987080323037,カルボシステイン錠２５０ｍｇ｢サワイ｣,72.00,16
20250807,2325003F4244,4987123407915,ファモチジンＯＤ錠２０ｍｇ｢テバ｣,126.00,16
20250807,2123016F1131,4987376075312,ビソプロロールフマル酸塩錠２.５ｍｇ｢日医工｣,22.00,16
20250807,3969018F2029,4987233102878,スーグラ錠５０ｍｇ,28.00,16
20250807,1124023F1118,4987080100218,アルプラゾラム錠０.４ｍｇ｢サワイ｣,28.00,16
20250807,2149032F4039,4987080680017,カルベジロール錠２.５ｍｇ｢サワイ｣,70.00,16
20250807,2149040F2030,4987123157520,カンデサルタン錠４ｍｇ｢あすか｣,28.00,16
20250807,2149040F3037,4987123157575,カンデサルタン錠８ｍｇ｢あすか｣,35.00,16
20250807,2344009F2082,4987286113500,酸化マグネシウム錠３３０ｍｇ｢ケンエー｣,105.00,16
20250807,2190006M2233,4987376056212,トコフェロールニコチン酸エステルカプセル２００ｍｇ｢日医工｣,175.00,15
20250807,2399005F2350,4987080103516,ドンペリドン錠１０ｍｇ｢サワイ｣,35.00,16
20250807,2149041F4232,4987614413104,バルサルタン錠１６０ｍｇ｢サンド｣,28.00,16
20250807,2149110F1287,4987376085519,ロサルヒド配合錠ＬＤ｢日医工｣,28.00,16
20250807,6241013F3051,4987081183579,レボフロキサシン錠５００ｍｇ｢ＤＳＥＰ｣　(レボフロキサシンとして),12.00,16
20250807,2329030F1020,4987123154352,タケキャブ錠１０ｍｇ,63.00,16
20250807,3136004F2278,4987171659304,メコバラミン錠５００μｇ｢ＳＷ｣　０.５ｍｇ,371.00,16
20250807,2319001M1353,4987080023616,ロペラミド塩酸塩カプセル１ｍｇ｢サワイ｣,10.00,15
20250807,3969104F2025,4987116530170,エクメット配合錠ＨＤ,140.00,16
20250807,3969104F1029,4987116530132,エクメット配合錠ＬＤ,56.00,16
20250807,2190103F1038,4987081184477,アマルエット配合錠３番｢ＤＳＥＰ｣,14.00,16
20250807,2149114F1102,4987476170306,アムバロ配合錠｢ＹＤ｣,119.00,16
20250807,2149116F2035,4987123159166,カムシア配合錠ＨＤ｢あすか｣,28.00,16
20250807,3999021F1031,4987080406112,ラロキシフェン塩酸塩錠６０ｍｇ｢サワイ｣,42.00,16
20250807,4490033F1028,4987222682152,ビラノア錠２０ｍｇ,35.00,16
20250807,2149117F1050,4987080132714,テラムロ配合錠ＡＰ｢サワイ｣,35.00,16
20250807,2149042F2030,4987081186518,テルミサルタン錠４０ｍｇ｢ＤＳＥＰ｣,217.00,16
20250807,1124009F1398,4987128320011,ブロチゾラム錠０.２５ｍｇ｢ヨシトミ｣,56.00,16
20250807,2329021F1331,4987035209713,レバミピド錠１００ｍｇ｢オーツカ｣,70.00,16
20250807,2189017F1030,4987081186907,ロスバスタチン錠２.５ｍｇ｢ＤＳＥＰ｣,161.00,16
20250807,3122007F2063,4987155004168,フルスルチアミン錠２５ｍｇ｢トーワ｣,84.00,16
20250807,3969107F1022,4987233105343,スージャヌ配合錠,70.00,16
20250807,2171006N1164,4987155478044,ジルチアゼム塩酸塩徐放カプセル１００ｍｇ｢トーワ｣,35.00,15
20250807,3112001F2060,4987058172384,アルファカルシドール錠０.５μｇ｢アメル｣,42.00,16
20250807,2499011M1108,4987123418164,デュタステリドカプセル０.５ｍｇＡＶ｢武田テバ｣,28.00,15
20250807,2190041F3020,4987443384446,エンレスト錠２００ｍｇ,56.00,16
20250807,3962002F2124,4987116530323,メトホルミン塩酸塩錠２５０ｍｇＭＴ｢ＤＳＰＢ｣,112.00,16
20250807,3962002F3120,4987116530347,メトホルミン塩酸塩錠５００ｍｇＭＴ｢ＤＳＰＢ｣,56.00,16
20250807,2149121F2079,4987123001175,ジルムロ配合錠ＨＤ｢武田テバ｣,22.00,16
20250807,3112006M2053,4987155152074,エルデカルシトールカプセル０.７５μｇ｢トーワ｣,28.00,15
20250807,2590011F4078,4987376349901,ソリフェナシンコハク酸塩ＯＤ錠５ｍｇ｢日医工｣,7.00,16
20250807,3949003F1040,4987081185719,フェブキソスタット錠１０ｍｇ｢ＤＳＥＰ｣,28.00,16
20250807,2189103F2025,4987770525208,リバゼブ配合錠ＨＤ,35.00,16
20250807,2329029M2104,4987190020338,エソメプラゾールカプセル２０ｍｇ｢ニプロ｣,14.00,15
20250807,1339002F1543,4987123873758,ジフェニドール塩酸塩錠２５ｍｇ｢ＮＩＧ｣,84.00,16
20250807,1129009F2374,4987123872058,ゾルピデム酒石酸塩錠１０ｍｇ｢ＮＩＧ｣,28.00,16
20250807,2491001F6273,4987123872645,カリジノゲナーゼ錠５０単位｢ＮＩＧ｣,84.00,16
20250807,2171022F1487,4987901128209,アムロジピン錠２.５ｍｇ｢ＶＴＲＳ｣,114.00,16
20250807,2171022F2483,4987901128605,アムロジピン錠５ｍｇ｢ＶＴＲＳ｣,91.00,16
20250807,2171022F6306,4987901126809,アムロジピンＯＤ錠１０ｍｇ｢ＶＴＲＳ｣,28.00,16
20250807,2149026F2332,4987901129800,ドキサゾシン錠１ｍｇ｢ＶＴＲＳ｣,101.00,16
20250807,2183007G1020,4987770529800,パルモディアＸＲ錠０.２ｍｇ,28.00,16
20250807,6132016F2127,4987155165265,セフカペンピボキシル塩酸塩錠１００ｍｇ｢ＴＷ｣,30.00,16
20250807,3969011F1080,4987155165241,ビルダグリプチン錠５０ｍｇ｢トーワ｣,56.00,16
20250807,3339003F2047,4987081187331,リバーロキサバン錠１５ｍｇ｢バイエル｣,22.00,16
20250807,2399710E1046,4987222697415,ＳＰトローチ０.２５ｍｇ｢明治｣,102.00,16
20250807,2647709N1060,4987087003871,リンデロン−ＶＧクリーム０.１２％,25.00,33
20250807,2649858M1036,4987387591429,スチックゼノールＡ,80.00,33
20250807,2649729S2169,4987188412077,モーラステープ２０ｍｇ　７ｃｍ×１０ｃｍ,35.00,6
20250807,2260700F1021,4987173015818,アズノールうがい液４％,5.00,36
20250807,2649735S3020,4987081100316,ロキソニンテープ１００ｍｇ　１０ｃｍ×１４ｃｍ,63.00,6
20250807,2649729S3203,4987086533546,ケトプロフェンテープ４０ｍｇ｢三和｣　１０ｃｍ×１４ｃｍ,189.00,6
20250807,2646730M1075,4987020021924,ベタメタゾン酪酸エステルプロピオン酸エステル軟膏０.０５％｢ＭＹＫ｣,10.00,33
20250807,2649735S2296,4987081189939,ロキソプロフェンＮａテープ５０ｍｇ｢ＤＳＥＰ｣　７ｃｍ×１０ｃｍ,28.00,6
20250807,2649735S3292,4987081189960,ロキソプロフェンＮａテープ１００ｍｇ｢ＤＳＥＰ｣　１０ｃｍ×１４ｃｍ,413.00,6
20250807,2492500G1025,4987616003211,ライゾデグ配合注　フレックスタッチ　３００単位,8.00,51
20250807,2499418G4027,4987616003655,オゼンピック皮下注２ｍｇ　１.５ｍＬ,1.00,51
20250807,,4987616003631,ペンニードルプラス,112.00,7
20250808,2229001F1053,4987858100044,アストミン錠１０ｍｇ,45.00,16
20250808,2123014F2201,4987116140218,アロチノロール塩酸塩錠１０ｍｇ｢ＤＳＰ｣,28.00,16
20250808,2359102X1072,4987047120761,アローゼン顆粒,28.00,33
20250808,2339177B1038,4987274131332,Ｓ・Ｍ配合散,117.00,33
20250808,2171005F2021,4987770588807,コメリアンコーワ錠１００　１００ｍｇ,84.00,16
20250808,2432001F1033,4987123158831,メルカゾール錠５ｍｇ,28.00,16
20250808,5200130D1060,4987138806246,ツムラ防風通聖散エキス顆粒(医療用),315.00,33
20250808,3132002B1034,4987709500719,ニコチン酸アミド散１０％｢ゾンネ｣,14.00,33
20250808,1180107D1131,4987087035049,ＰＬ配合顆粒,15.00,33
20250808,3222007G1033,4987901117500,フェロ・グラデュメット錠１０５ｍｇ,28.00,16
20250808,2354003F2316,4987047211346,プルゼニド錠１２ｍｇ,56.00,16
20250808,1149019F1560,4987081105403,ロキソニン錠６０ｍｇ,56.00,16
20250808,1124009F1223,4987413580717,レンドルミン錠０.２５ｍｇ,28.00,16
20250808,2344002X1055,4987286105628,酸化マグネシウム｢ケンエー｣〔重質〕,147.00,33
20250808,1180107D1123,4987155071078,トーワチーム配合顆粒,30.00,33
20250808,1141007F1063,4987896010817,カロナール錠２００　２００ｍｇ,3.00,16
20250808,2431004F1056,4987123155144,チラーヂンＳ錠５０μｇ,28.00,16
20250808,2456001F1353,4987123119597,プレドニゾロン錠｢タケダ｣５ｍｇ,28.00,16
20250808,1124008F1067,4987058565032,フルニトラゼパム錠１ｍｇ｢アメル｣,112.00,16
20250808,3399007H1021,4987341103095,バイアスピリン錠１００ｍｇ,56.00,16
20250808,2149047F1028,4987858210125,ラジレス錠１５０ｍｇ,35.00,16
20250808,3969010F2030,4987185809900,ジャヌビア錠５０ｍｇ,128.00,16
20250808,3961008F1225,4987086170802,グリメピリド錠１ｍｇ｢三和｣,28.00,16
20250808,2329028F1104,4987080670018,ラベプラゾールＮａ錠１０ｍｇ｢サワイ｣,28.00,16
20250808,3969102F1020,4987051183127,グルベス配合錠,84.00,16
20250808,3969014F1024,4987413870511,トラゼンタ錠５ｍｇ,28.00,16
20250808,2590014F2028,4987233103042,ベタニス錠５０ｍｇ,56.00,16
20250808,2149048F1022,4987123152228,アジルバ錠２０ｍｇ,28.00,16
20250808,2189015F1120,4987376069410,アトルバスタチン錠５ｍｇ｢日医工｣,28.00,16
20250808,2189015F2127,4987376069519,アトルバスタチン錠１０ｍｇ｢日医工｣,126.00,16
20250808,1179025F1239,4987080190011,エチゾラム錠０.５ｍｇ｢ＳＷ｣,56.00,16
20250808,2171017F2156,4987080633112,ニコランジル錠５ｍｇ｢サワイ｣,90.00,16
20250808,2149039F2100,4987155592016,ロサルタンＫ錠５０ｍｇ｢トーワ｣,91.00,16
20250808,2133001F1590,4987376007313,スピロノラクトン錠２５ｍｇ｢日医工｣,28.00,16
20250808,1190012F4319,4987614410608,ドネペジル塩酸塩ＯＤ錠５ｍｇ｢サンド｣,28.00,16
20250808,2171014G4096,4987155103069,ニフェジピンＣＲ錠２０ｍｇ｢トーワ｣,28.00,16
20250808,3943001F1586,4987080396017,アロプリノール錠１００ｍｇ｢サワイ｣,28.00,16
20250808,4490014F2285,4987080398011,エピナスチン塩酸塩錠２０ｍｇ｢サワイ｣,14.00,16
20250808,2233002F1280,4987080323013,カルボシステイン錠２５０ｍｇ｢サワイ｣,15.00,16
20250808,2233002F1280,4987080323037,カルボシステイン錠２５０ｍｇ｢サワイ｣,15.00,16
20250808,2325003F4244,4987123407915,ファモチジンＯＤ錠２０ｍｇ｢テバ｣,60.00,16
20250808,2129003M2192,4987080033912,メキシレチン塩酸塩カプセル１００ｍｇ｢サワイ｣,56.00,15
20250808,2144002F2357,4987080035510,エナラプリルマレイン酸塩錠５ｍｇ｢サワイ｣,30.00,16
20250808,2123016F3088,4987376075510,ビソプロロールフマル酸塩錠０.６２５ｍｇ｢日医工｣,50.00,16
20250808,2123016F1131,4987376075312,ビソプロロールフマル酸塩錠２.５ｍｇ｢日医工｣,28.00,16
20250808,2189016F1133,4987080001911,ピタバスタチンＣａ錠１ｍｇ｢サワイ｣,50.00,16
20250808,3969018F2029,4987233102878,スーグラ錠５０ｍｇ,179.00,16
20250808,3399009F1020,4987081103324,エフィエント錠３.７５ｍｇ,30.00,16
20250808,3399102F1026,4987123154185,タケルダ配合錠,30.00,16
20250808,2149032F4039,4987080680017,カルベジロール錠２.５ｍｇ｢サワイ｣,30.00,16
20250808,2149040F2030,4987123157520,カンデサルタン錠４ｍｇ｢あすか｣,30.00,16
20250808,3222013F1157,4987080100119,クエン酸第一鉄Ｎａ錠５０ｍｇ｢サワイ｣　鉄５０ｍｇ,50.00,16
20250808,2344009F2082,4987286113500,酸化マグネシウム錠３３０ｍｇ｢ケンエー｣,150.00,16
20250808,2190006M2233,4987376056212,トコフェロールニコチン酸エステルカプセル２００ｍｇ｢日医工｣,84.00,15
20250808,2399005F2350,4987080103516,ドンペリドン錠１０ｍｇ｢サワイ｣,7.00,16
20250808,2149041F3236,4987614413012,バルサルタン錠８０ｍｇ｢サンド｣,35.00,16
20250808,2149110F1287,4987376085519,ロサルヒド配合錠ＬＤ｢日医工｣,28.00,16
20250808,1141007F3023,4987896011210,カロナール錠５００　５００ｍｇ,28.00,16
20250808,2329030F1020,4987123154352,タケキャブ錠１０ｍｇ,28.00,16
20250808,3136004F2278,4987171659304,メコバラミン錠５００μｇ｢ＳＷ｣　０.５ｍｇ,182.00,16
20250808,3399008F2110,4987376097819,クロピドグレル錠７５ｍｇ｢ＳＡＮＩＫ｣,106.00,16
20250808,3969104F1029,4987116530132,エクメット配合錠ＬＤ,98.00,16
20250808,2149114F1102,4987476170306,アムバロ配合錠｢ＹＤ｣,217.00,16
20250808,4490033F1028,4987222682152,ビラノア錠２０ｍｇ,70.00,16
20250808,2149117F2030,4987081186853,テラムロ配合錠ＢＰ｢ＤＳＥＰ｣,28.00,16
20250808,2149042F2030,4987081186518,テルミサルタン錠４０ｍｇ｢ＤＳＥＰ｣,56.00,16
20250808,1124009F1398,4987128320011,ブロチゾラム錠０.２５ｍｇ｢ヨシトミ｣,128.00,16
20250808,2329021F1331,4987035209614,レバミピド錠１００ｍｇ｢オーツカ｣,90.00,16
20250808,2329021F1331,4987035209713,レバミピド錠１００ｍｇ｢オーツカ｣,105.00,16
20250808,2189017F1030,4987081186907,ロスバスタチン錠２.５ｍｇ｢ＤＳＥＰ｣,357.00,16
20250808,2189017F2037,4987081187003,ロスバスタチン錠５ｍｇ｢ＤＳＥＰ｣,30.00,16
20250808,3122007F2063,4987155004168,フルスルチアミン錠２５ｍｇ｢トーワ｣,90.00,16
20250808,2149010G1047,4987925106603,セロケンＬ錠１２０ｍｇ,42.00,16
20250808,3969107F1022,4987233105343,スージャヌ配合錠,56.00,16
20250808,2329023F1144,4987123415880,ランソプラゾールＯＤ錠１５ｍｇ｢武田テバ｣,92.00,16
20250808,2590010F4030,4987081187836,シロドシンＯＤ錠４ｍｇ｢ＤＳＥＰ｣,56.00,16
20250808,3969004F4143,4987123416634,ボグリボースＯＤ錠０.３ｍｇ｢武田テバ｣,84.00,16
20250808,3969004F4143,4987123416627,ボグリボースＯＤ錠０.３ｍｇ｢武田テバ｣,84.00,16
20250808,1149019F1730,4987123417280,ロキソプロフェンＮａ錠６０ｍｇ｢武田テバ｣,118.00,16
20250808,3112001F3066,4987058173381,アルファカルシドール錠１.０μｇ｢アメル｣　１μｇ,35.00,16
20250808,1190027F2029,4987028205630,デエビゴ錠５ｍｇ,50.00,16
20250808,2499011M1108,4987123418164,デュタステリドカプセル０.５ｍｇＡＶ｢武田テバ｣,28.00,15
20250808,3969013F1038,4987080152118,レパグリニド錠０.２５ｍｇ｢サワイ｣,168.00,16
20250808,2190041F3020,4987443384446,エンレスト錠２００ｍｇ,84.00,16
20250808,3999049F2023,4987057649306,ダーブロック錠２ｍｇ,50.00,16
20250808,2190016Q2034,4987086390651,ポリスチレンスルホン酸Ｃａ経口ゼリー２０％分包２５ｇ｢三和｣,100.00,10
20250808,3962002F2124,4987116530323,メトホルミン塩酸塩錠２５０ｍｇＭＴ｢ＤＳＰＢ｣,56.00,16
20250808,3962002F3120,4987116530347,メトホルミン塩酸塩錠５００ｍｇＭＴ｢ＤＳＰＢ｣,56.00,16
20250808,1179052F3034,4987222001755,デュロキセチンＯＤ錠２０ｍｇ｢明治｣,28.00,16
20250808,2149032F1170,4987081185481,カルベジロール錠１０ｍｇ｢ＤＳＥＰ｣,28.00,16
20250808,6149003F2283,4987306054295,クラリスロマイシン錠２００ｍｇ｢大正｣,28.00,16
20250808,3949003F1040,4987081185719,フェブキソスタット錠１０ｍｇ｢ＤＳＥＰ｣,28.00,16
20250808,2139005F1117,4987123875240,フロセミド錠２０ｍｇ｢ＮＩＧ｣,28.00,16
20250808,2399010F2300,4987901094207,モサプリドクエン酸塩錠５ｍｇ｢ＶＴＲＳ｣,56.00,16
20250808,2329029M2104,4987190020338,エソメプラゾールカプセル２０ｍｇ｢ニプロ｣,63.00,15
20250808,3133001B1223,4987123871525,パンテチン散２０％｢ＮＩＧ｣,231.00,33
20250808,2171022F1487,4987901128209,アムロジピン錠２.５ｍｇ｢ＶＴＲＳ｣,56.00,16
20250808,2171022F2483,4987901128605,アムロジピン錠５ｍｇ｢ＶＴＲＳ｣,108.00,16
20250808,2183007G1020,4987770529800,パルモディアＸＲ錠０.２ｍｇ,56.00,16
20250808,3929007F1045,4987846701215,酢酸亜鉛錠２５ｍｇ｢ノーベル｣,28.00,16
20250808,6132016F2127,4987155165265,セフカペンピボキシル塩酸塩錠１００ｍｇ｢ＴＷ｣,15.00,16
20250808,2189102F2047,4987080012719,エゼロス配合錠ＨＤ｢サワイ｣,28.00,16
20250808,7123700M1113,4987476125412,ソルベース,100.00,33
20250808,2646720M1080,4987770519009,リドメックスコーワ軟膏０.３％,25.00,33
20250808,2647709N1060,4987087003871,リンデロン−ＶＧクリーム０.１２％,60.00,33
20250808,2647709Q1040,4987087029000,リンデロン−ＶＧローション,50.00,36
20250808,2646717M1096,4987158151005,ロコイド軟膏０.１％,15.00,33
20250808,7121703X1330,4987211153106,プロペト,400.00,33
20250808,2260700F1021,4987173015818,アズノールうがい液４％,5.00,36
20250808,2649729S3084,4987188412176,モーラステープＬ４０ｍｇ　１０ｃｍ×１４ｃｍ,63.00,6
20250808,2649734S1074,4987443328921,ボルタレンテープ１５ｍｇ　７ｃｍ×１０ｃｍ,63.00,6
20250808,3339950M1188,4987376616218,ヘパリン類似物質油性クリーム０.３％｢日医工｣,25.00,33
20250808,2649729S2274,4987086533485,ケトプロフェンテープ２０ｍｇ｢三和｣　７ｃｍ×１０ｃｍ,98.00,6
20250808,2649729S5036,4987641077829,ケトプロフェンパップＸＲ１２０ｍｇ｢テイコク｣　１０ｃｍ×１４ｃｍ,63.00,6
20250808,1319710Q2124,4987497305626,シアノコバラミン点眼液０.０２％｢ニットー｣　５ｍＬ,2.00,19
20250808,3339950Q1147,4987497308856,ヘパリン類似物質ローション０.３％｢ＮＩＴ｣,100.00,33
20250808,3339950Q1147,4987497308870,ヘパリン類似物質ローション０.３％｢ＮＩＴ｣,50.00,33
20250808,1319762Q2032,4987084316318,エピナスチン塩酸塩ＬＸ点眼液０.１％｢ＳＥＣ｣,5.00,36
20250808,2649735S2296,4987081189939,ロキソプロフェンＮａテープ５０ｍｇ｢ＤＳＥＰ｣　７ｃｍ×１０ｃｍ,91.00,6
20250808,2649735S3292,4987081189960,ロキソプロフェンＮａテープ１００ｍｇ｢ＤＳＥＰ｣　１０ｃｍ×１４ｃｍ,70.00,6
20250808,2492415G1031,4987616002467,ノボラピッド注　フレックスペン　３００単位,3.00,51
20250808,2492419G1021,4987616003167,トレシーバ注　フレックスタッチ　３００単位,2.00,51
20250808,2499416G1029,4987428143303,トルリシティ皮下注０.７５ｍｇアテオス　０.５ｍＬ,3.00,51
20250808,2499422G1024,4987128207602,マンジャロ皮下注２.５ｍｇアテオス　０.５ｍＬ,4.00,51
20250808,2499422G2020,4987128305216,マンジャロ皮下注５ｍｇアテオス　０.５ｍＬ,9.00,51
20250808,,4987616003631,ペンニードルプラス,210.00,7
20250808,,4987901081504,フィナステリド錠１ｍｇ「ＶＴＲＳ」,28.00,16
20250809,2229001F1053,4987858100044,アストミン錠１０ｍｇ,45.00,16
20250809,2249001F3032,4987925113625,レスプレン錠３０ｍｇ,42.00,16
20250809,1124009F1223,4987413580717,レンドルミン錠０.２５ｍｇ,28.00,16
20250809,1180107D1123,4987155071078,トーワチーム配合顆粒,60.00,33
20250809,1141007F1063,4987896010817,カロナール錠２００　２００ｍｇ,3.00,16
20250809,3399007H1021,4987341103095,バイアスピリン錠１００ｍｇ,35.00,16
20250809,2316020F1029,4987306066212,ビオフェルミン錠剤,105.00,16
20250809,2231001Q1036,4987286105239,セネガシロップ｢ケンエー｣,70.00,36
20250809,2239001F1475,4987123409261,アンブロキソール塩酸塩錠１５ｍｇ｢タイヨー｣,42.00,16
20250809,3327002F1169,4987476113310,トラネキサム酸錠２５０ｍｇ｢ＹＤ｣,15.00,16
20250809,3160002M2095,4987476111514,メナテトレノンカプセル１５ｍｇ｢ＹＤ｣,60.00,15
20250809,4490019F4108,4987080120018,エバスチンＯＤ錠１０ｍｇ｢サワイ｣,28.00,16
20250809,2241001X1118,4987290241732,キョウニン水(山善),30.00,36
20250809,2590008F2090,4987916002211,タムスロシン塩酸塩ＯＤ錠０.２ｍｇ｢明治｣,28.00,16
20250809,1179025F1239,4987080190011,エチゾラム錠０.５ｍｇ｢ＳＷ｣,14.00,16
20250809,2149039F2100,4987155592016,ロサルタンＫ錠５０ｍｇ｢トーワ｣,42.00,16
20250809,3943001F1586,4987080396017,アロプリノール錠１００ｍｇ｢サワイ｣,28.00,16
20250809,2233002F1280,4987080323013,カルボシステイン錠２５０ｍｇ｢サワイ｣,15.00,16
20250809,2233002F1280,4987080323037,カルボシステイン錠２５０ｍｇ｢サワイ｣,45.00,16
20250809,2354003F2367,4987080034711,センノシド錠１２ｍｇ｢サワイ｣,56.00,16
20250809,2189016F2130,4987080002017,ピタバスタチンＣａ錠２ｍｇ｢サワイ｣,35.00,16
20250809,3969018F2029,4987233102878,スーグラ錠５０ｍｇ,42.00,16
20250809,1124023F1118,4987080100218,アルプラゾラム錠０.４ｍｇ｢サワイ｣,28.00,16
20250809,2149040F3037,4987123157575,カンデサルタン錠８ｍｇ｢あすか｣,35.00,16
20250809,2149041F3236,4987614413005,バルサルタン錠８０ｍｇ｢サンド｣,28.00,16
20250809,2329030F2027,4987123154406,タケキャブ錠２０ｍｇ,14.00,16
20250809,3136004F2278,4987171659304,メコバラミン錠５００μｇ｢ＳＷ｣　０.５ｍｇ,84.00,16
20250809,3399008F2110,4987376097819,クロピドグレル錠７５ｍｇ｢ＳＡＮＩＫ｣,30.00,16
20250809,2149114F1102,4987476170306,アムバロ配合錠｢ＹＤ｣,58.00,16
20250809,4490026F2067,4987060307156,モンテルカスト錠１０ｍｇ｢ＫＭ｣,28.00,16
20250809,4490033F1028,4987222682152,ビラノア錠２０ｍｇ,14.00,16
20250809,2149112F2070,4987080344117,バルヒディオ配合錠ＥＸ｢サワイ｣,28.00,16
20250809,2149042F1033,4987081186464,テルミサルタン錠２０ｍｇ｢ＤＳＥＰ｣,28.00,16
20250809,2149042F2030,4987081186518,テルミサルタン錠４０ｍｇ｢ＤＳＥＰ｣,28.00,16
20250809,2189017F1030,4987081186907,ロスバスタチン錠２.５ｍｇ｢ＤＳＥＰ｣,163.00,16
20250809,2329012M1374,4987476119862,テプレノンカプセル５０ｍｇ｢ＹＤ｣,84.00,15
20250809,2149010G1047,4987925106603,セロケンＬ錠１２０ｍｇ,14.00,16
20250809,3969012F3028,4987123149402,ネシーナ錠２５ｍｇ,14.00,16
20250809,3962002F2027,4987116530002,メトグルコ錠２５０ｍｇ,84.00,16
20250809,3969107F1022,4987233105343,スージャヌ配合錠,137.00,16
20250809,2329023F1144,4987123415880,ランソプラゾールＯＤ錠１５ｍｇ｢武田テバ｣,35.00,16
20250809,3112001F1063,4987058171387,アルファカルシドール錠０.２５μｇ｢アメル｣,60.00,16
20250809,3112001F3066,4987058173381,アルファカルシドール錠１.０μｇ｢アメル｣　１μｇ,28.00,16
20250809,3969013F1038,4987080152118,レパグリニド錠０.２５ｍｇ｢サワイ｣,28.00,16
20250809,3962002F2124,4987116530323,メトホルミン塩酸塩錠２５０ｍｇＭＴ｢ＤＳＰＢ｣,140.00,16
20250809,3962002F3120,4987116530347,メトホルミン塩酸塩錠５００ｍｇＭＴ｢ＤＳＰＢ｣,224.00,16
20250809,3112006M2053,4987155152074,エルデカルシトールカプセル０.７５μｇ｢トーワ｣,42.00,15
20250809,3949003F1040,4987081185719,フェブキソスタット錠１０ｍｇ｢ＤＳＥＰ｣,60.00,16
20250809,3949003F2046,4987081185740,フェブキソスタット錠２０ｍｇ｢ＤＳＥＰ｣,28.00,16
20250809,2183007G1020,4987770529800,パルモディアＸＲ錠０.２ｍｇ,102.00,16
20250809,6132016F2127,4987155165265,セフカペンピボキシル塩酸塩錠１００ｍｇ｢ＴＷ｣,15.00,16
20250809,3969011F1080,4987155165241,ビルダグリプチン錠５０ｍｇ｢トーワ｣,56.00,16
20250809,2399710E1046,4987222697415,ＳＰトローチ０.２５ｍｇ｢明治｣,90.00,16
20250809,2260700F1021,4987173015818,アズノールうがい液４％,10.00,36
20250809,2290801G2033,4987792101084,ブデホル吸入粉末剤６０吸入｢ＪＧ｣,1.00,51
20250809,2659710N1250,4987901040402,テルビナフィン塩酸塩クリーム１％｢ＶＴＲＳ｣,30.00,33
20250809,2649735S3292,4987081189960,ロキソプロフェンＮａテープ１００ｍｇ｢ＤＳＥＰ｣　１０ｃｍ×１４ｃｍ,161.00,6
20250809,2492500G1025,4987616003211,ライゾデグ配合注　フレックスタッチ　３００単位,3.00,51
20250809,2499418G4027,4987616003655,オゼンピック皮下注２ｍｇ　１.５ｍＬ,2.00,51
20250809,,4987616003631,ペンニードルプラス,70.00,7
20250812,2900001F1029,4987280292249,セファランチン錠１ｍｇ,112.00,16
20250815,2139005F2474,4987123875271,フロセミド錠４０ｍｇ｢ＮＩＧ｣,56.00,16
20250815,2149048F1065,4987123003452,アジルサルタン錠２０ｍｇ｢武田テバ｣,56.00,16
20250818,2229001F1053,4987858100044,アストミン錠１０ｍｇ,90.00,16
20250818,2229001F1053,4987858200041,アストミン錠１０ｍｇ,15.00,16
20250818,3992001F1084,4987770504609,アデホスコーワ腸溶錠２０　２０ｍｇ,42.00,16
20250818,2432001F1033,4987123158831,メルカゾール錠５ｍｇ,28.00,16
20250818,5200069D1048,4987138804839,ツムラ十全大補湯エキス顆粒(医療用),210.00,33
20250818,5200093D1092,4987138800848,ツムラ大柴胡湯エキス顆粒(医療用),210.00,33
20250818,5200129D1076,4987138802040,ツムラ防已黄耆湯エキス顆粒(医療用),210.00,33
20250818,2221003B2067,4987813741053,メチエフ散１０％,2.25,33
20250818,2329009F1110,4987376245302,ドグマチール錠５０ｍｇ,90.00,16
20250818,3140002D1037,4987123108324,ハイシー顆粒２５％,28.00,33
20250818,2316004F1020,4987306066984,ビオフェルミンＲ錠,36.00,16
20250818,2316009F1022,4987312126641,ミヤＢＭ錠,90.00,16
20250818,2478001F1040,4987431190196,ルトラール錠２ｍｇ,20.00,16
20250818,4490003R1309,4987080037644,ケトチフェンＤＳ小児用０.１％｢サワイ｣,5.00,33
20250818,1180107D1123,4987155071078,トーワチーム配合顆粒,90.00,33
20250818,1141007F1063,4987896010817,カロナール錠２００　２００ｍｇ,9.00,16
20250818,1124008F1067,4987058565032,フルニトラゼパム錠１ｍｇ｢アメル｣,140.00,16
20250818,1124008F2047,4987058566039,フルニトラゼパム錠２ｍｇ｢アメル｣,28.00,16
20250818,1149116D1033,4987087034868,ＳＧ配合顆粒,84.00,33
20250818,2316020F1029,4987306066212,ビオフェルミン錠剤,168.00,16
20250818,3327002F1169,4987476113310,トラネキサム酸錠２５０ｍｇ｢ＹＤ｣,72.00,16
20250818,4490019F4108,4987080120018,エバスチンＯＤ錠１０ｍｇ｢サワイ｣,28.00,16
20250818,3969010F2030,4987185809900,ジャヌビア錠５０ｍｇ,28.00,16
20250818,2233002R2037,4987120223808,カルボシステインＤＳ５０％｢タカタ｣,5.00,33
20250818,3969007F1130,4987080598015,ピオグリタゾン錠１５ｍｇ｢サワイ｣,28.00,16
20250818,3969102F1020,4987051183127,グルベス配合錠,189.00,16
20250818,2189011F1203,4987080783015,シンバスタチン錠５ｍｇ｢ＳＷ｣,28.00,16
20250818,2189015F2127,4987376069519,アトルバスタチン錠１０ｍｇ｢日医工｣,28.00,16
20250818,1179025F1239,4987080190011,エチゾラム錠０.５ｍｇ｢ＳＷ｣,84.00,16
20250818,1179025F2197,4987080192015,エチゾラム錠１ｍｇ｢ＳＷ｣,84.00,16
20250818,2149039F2100,4987155592016,ロサルタンＫ錠５０ｍｇ｢トーワ｣,28.00,16
20250818,2171014G4096,4987155103069,ニフェジピンＣＲ錠２０ｍｇ｢トーワ｣,28.00,16
20250818,3943001F1586,4987080396017,アロプリノール錠１００ｍｇ｢サワイ｣,28.00,16
20250818,4490014F2285,4987080398011,エピナスチン塩酸塩錠２０ｍｇ｢サワイ｣,28.00,16
20250818,3321002F2412,4987476156201,カルバゾクロムスルホン酸Ｎａ錠３０ｍｇ｢ＹＤ｣,21.00,16
20250818,2233002F1280,4987080323013,カルボシステイン錠２５０ｍｇ｢サワイ｣,71.00,16
20250818,2233002F1280,4987080323037,カルボシステイン錠２５０ｍｇ｢サワイ｣,45.00,16
20250818,2325003F4244,4987123407915,ファモチジンＯＤ錠２０ｍｇ｢テバ｣,112.00,16
20250818,4490023F1091,4987376556712,フェキソフェナジン塩酸塩錠６０ｍｇ｢ＳＡＮＩＫ｣,112.00,16
20250818,4490003M1352,4987080037712,ケトチフェンカプセル１ｍｇ｢サワイ｣,56.00,15
20250818,2354003F2367,4987080034711,センノシド錠１２ｍｇ｢サワイ｣,280.00,16
20250818,2189016F2130,4987080002017,ピタバスタチンＣａ錠２ｍｇ｢サワイ｣,35.00,16
20250818,2590016F2027,4987173018536,ザルティア錠５ｍｇ,28.00,16
20250818,3969018F2029,4987233102878,スーグラ錠５０ｍｇ,49.00,16
20250818,3399102F1026,4987123154185,タケルダ配合錠,28.00,16
20250818,2149032F4039,4987080680017,カルベジロール錠２.５ｍｇ｢サワイ｣,30.00,16
20250818,2149040F3037,4987123157575,カンデサルタン錠８ｍｇ｢あすか｣,28.00,16
20250818,2399005F2350,4987080103516,ドンペリドン錠１０ｍｇ｢サワイ｣,21.00,16
20250818,2149041F3236,4987614413012,バルサルタン錠８０ｍｇ｢サンド｣,28.00,16
20250818,2149041F3236,4987614413005,バルサルタン錠８０ｍｇ｢サンド｣,28.00,16
20250818,6241013F3051,4987081183579,レボフロキサシン錠５００ｍｇ｢ＤＳＥＰ｣　(レボフロキサシンとして),7.00,16
20250818,3136004F2278,4987171659304,メコバラミン錠５００μｇ｢ＳＷ｣　０.５ｍｇ,90.00,16
20250818,2319001M1353,4987080023616,ロペラミド塩酸塩カプセル１ｍｇ｢サワイ｣,10.00,15
20250818,3399008F2110,4987376097819,クロピドグレル錠７５ｍｇ｢ＳＡＮＩＫ｣,28.00,16
20250818,3969104F2025,4987116530170,エクメット配合錠ＨＤ,210.00,16
20250818,3969104F1029,4987116530132,エクメット配合錠ＬＤ,56.00,16
20250818,2190103F1038,4987081184477,アマルエット配合錠３番｢ＤＳＥＰ｣,28.00,16
20250818,2149114F1102,4987476170306,アムバロ配合錠｢ＹＤ｣,58.00,16
20250818,2149116F1039,4987123159104,カムシア配合錠ＬＤ｢あすか｣,35.00,16
20250818,2149044F7030,4987081187249,オルメサルタンＯＤ錠４０ｍｇ｢ＤＳＥＰ｣,30.00,16
20250818,2149042F2030,4987081186518,テルミサルタン錠４０ｍｇ｢ＤＳＥＰ｣,133.00,16
20250818,1124009F1398,4987128320011,ブロチゾラム錠０.２５ｍｇ｢ヨシトミ｣,14.00,16
20250818,2590007F2290,4987155783049,プロピベリン塩酸塩錠２０ｍｇ｢トーワ｣,14.00,16
20250818,2329021F1331,4987035209713,レバミピド錠１００ｍｇ｢オーツカ｣,84.00,16
20250818,2189017F1030,4987081186907,ロスバスタチン錠２.５ｍｇ｢ＤＳＥＰ｣,226.00,16
20250818,3339002F5025,4987081107032,リクシアナＯＤ錠３０ｍｇ,28.00,16
20250818,3122007F2063,4987155004168,フルスルチアミン錠２５ｍｇ｢トーワ｣,273.00,16
20250818,2149010G1047,4987925106603,セロケンＬ錠１２０ｍｇ,112.00,16
20250818,3969107F1022,4987233105343,スージャヌ配合錠,91.00,16
20250818,2329023F1144,4987123415880,ランソプラゾールＯＤ錠１５ｍｇ｢武田テバ｣,28.00,16
20250818,2590017F1025,4987060008688,ベオーバ錠５０ｍｇ,28.00,16
20250818,2590010F4030,4987081187836,シロドシンＯＤ錠４ｍｇ｢ＤＳＥＰ｣,56.00,16
20250818,3969004F4143,4987123416634,ボグリボースＯＤ錠０.３ｍｇ｢武田テバ｣,168.00,16
20250818,3259120S1021,4987035654506,イノラス配合経腸用液,2812.50,36
20250818,3259120S1021,4987035654803,イノラス配合経腸用液,2812.50,36
20250818,1149019F1730,4987123417297,ロキソプロフェンＮａ錠６０ｍｇ｢武田テバ｣,84.00,16
20250818,1149019F1730,4987123417280,ロキソプロフェンＮａ錠６０ｍｇ｢武田テバ｣,101.00,16
20250818,3112001F3066,4987058173381,アルファカルシドール錠１.０μｇ｢アメル｣　１μｇ,28.00,16
20250818,2190041F3020,4987443384446,エンレスト錠２００ｍｇ,56.00,16
20250818,2223001C1045,4987271042655,デキストロメトルファン臭化水素酸塩細粒１０％｢ツルハラ｣,1.75,33
20250818,3962002F2124,4987116530323,メトホルミン塩酸塩錠２５０ｍｇＭＴ｢ＤＳＰＢ｣,364.00,16
20250818,3962002F3120,4987116530347,メトホルミン塩酸塩錠５００ｍｇＭＴ｢ＤＳＰＢ｣,56.00,16
20250818,1339005F1482,4987376711005,ベタヒスチンメシル酸塩錠６ｍｇ｢日医工Ｐ｣,42.00,16
20250818,1129010F2113,4987080320111,エスゾピクロン錠２ｍｇ｢サワイ｣,28.00,16
20250818,3969026F1027,4987116530415,ツイミーグ錠５００ｍｇ,56.00,16
20250818,3112006M2053,4987155152074,エルデカルシトールカプセル０.７５μｇ｢トーワ｣,28.00,15
20250818,2590011F4078,4987376349901,ソリフェナシンコハク酸塩ＯＤ錠５ｍｇ｢日医工｣,35.00,16
20250818,3949003F1040,4987081185719,フェブキソスタット錠１０ｍｇ｢ＤＳＥＰ｣,93.00,16
20250818,2139005F2474,4987123875271,フロセミド錠４０ｍｇ｢ＮＩＧ｣,86.00,16
20250818,2329029M2104,4987190020338,エソメプラゾールカプセル２０ｍｇ｢ニプロ｣,84.00,15
20250818,2171022F2483,4987901128605,アムロジピン錠５ｍｇ｢ＶＴＲＳ｣,112.00,16
20250818,2171022F2483,4987901128704,アムロジピン錠５ｍｇ｢ＶＴＲＳ｣,42.00,16
20250818,2183007G1020,4987770529800,パルモディアＸＲ錠０.２ｍｇ,42.00,16
20250818,6132016F2127,4987155165265,セフカペンピボキシル塩酸塩錠１００ｍｇ｢ＴＷ｣,15.00,16
20250818,6132016F2127,4987155165128,セフカペンピボキシル塩酸塩錠１００ｍｇ｢ＴＷ｣,30.00,16
20250818,3969011F1080,4987155165241,ビルダグリプチン錠５０ｍｇ｢トーワ｣,84.00,16
20250818,2399710E1046,4987222697415,ＳＰトローチ０.２５ｍｇ｢明治｣,264.00,16
20250818,2634710M1077,4987120263002,ゲンタシン軟膏０.１％　１ｍｇ,30.00,33
20250818,2649719S1371,4987770555809,イドメシンパップ７０ｍｇ　１０ｃｍ×１４ｃｍ,15.00,6
20250818,2260700F1021,4987173015818,アズノールうがい液４％,10.00,36
20250818,1329705Q1310,4987080038016,ケトチフェン点鼻液０.０５％｢サワイ｣　６.０４８ｍｇ８ｍＬ,3.00,19
20250818,2260701F1409,4987222671422,ポビドンヨードガーグル液７％｢明治｣,30.00,36
20250818,2259807G2022,4987413836029,スピオルトレスピマット６０吸入,1.00,51
20250818,2649729S3203,4987086533546,ケトプロフェンテープ４０ｍｇ｢三和｣　１０ｃｍ×１４ｃｍ,63.00,6
20250818,1319720Q3230,4987123001373,ヒアルロン酸Ｎａ点眼液０.１％｢センジュ｣　５ｍＬ,2.00,19
20250818,2259707S2221,4987901069700,ツロブテロールテープ１ｍｇ｢ＶＴＲＳ｣,5.00,6
20250818,2259707S3228,4987901069809,ツロブテロールテープ２ｍｇ｢ＶＴＲＳ｣,5.00,6
20250818,2649735S2296,4987081189939,ロキソプロフェンＮａテープ５０ｍｇ｢ＤＳＥＰ｣　７ｃｍ×１０ｃｍ,98.00,6
20250818,2649735S3292,4987081189960,ロキソプロフェンＮａテープ１００ｍｇ｢ＤＳＥＰ｣　１０ｃｍ×１４ｃｍ,126.00,6
20250818,2492415G1031,4987616002467,ノボラピッド注　フレックスペン　３００単位,5.00,51
20250818,2492416G2024,4987199101854,ランタス注ソロスター　３００単位,1.00,51
20250818,2499418G4027,4987616003655,オゼンピック皮下注２ｍｇ　１.５ｍＬ,2.00,51
20250818,,4987616003631,ペンニードルプラス,140.00,7
20250819,2229001F1053,4987858100044,アストミン錠１０ｍｇ,102.00,16
20250819,3992001D1059,4987770528803,アデホスコーワ顆粒１０％,84.00,33
20250819,2359102X1072,4987047120761,アローゼン顆粒,40.00,33
20250819,2339177B1038,4987274131332,Ｓ・Ｍ配合散,100.10,33
20250819,2171005F2021,4987770588807,コメリアンコーワ錠１００　１００ｍｇ,56.00,16
20250819,1124008F1024,4987028234784,サイレース錠１ｍｇ,28.00,16
20250819,1180107D1131,4987087035032,ＰＬ配合顆粒,21.00,33
20250819,2316004F1020,4987306066984,ビオフェルミンＲ錠,15.00,16
20250819,1124001F2029,4987123079631,ユーロジン２ｍｇ錠,28.00,16
20250819,3332001F1024,4987028240303,ワーファリン錠１ｍｇ,122.50,16
20250819,3122007F2039,4987123127127,アリナミンＦ糖衣錠〔２５ｍｇ〕,84.00,16
20250819,1180107D1123,4987155071078,トーワチーム配合顆粒,111.00,33
20250819,1141007F1063,4987896010817,カロナール錠２００　２００ｍｇ,34.00,16
20250819,2399010F2024,4987116212212,ガスモチン錠５ｍｇ,21.00,16
20250819,2149040F3029,4987123136389,ブロプレス錠８　８ｍｇ,28.00,16
20250819,1124008F1067,4987058565032,フルニトラゼパム錠１ｍｇ｢アメル｣,42.00,16
20250819,3399007H1021,4987341103095,バイアスピリン錠１００ｍｇ,56.00,16
20250819,1124001F2037,4987058088036,エスタゾラム錠２ｍｇ｢アメル｣,56.00,16
20250819,1141007F2027,4987896010879,カロナール錠３００　３００ｍｇ,10.00,16
20250819,2316020F1029,4987306066212,ビオフェルミン錠剤,261.00,16
20250819,3327002F1169,4987476113310,トラネキサム酸錠２５０ｍｇ｢ＹＤ｣,60.00,16
20250819,2399008F1110,4987080128014,イトプリド塩酸塩錠５０ｍｇ｢サワイ｣,15.00,16
20250819,3969010F2030,4987185809900,ジャヌビア錠５０ｍｇ,70.00,16
20250819,2590008F2090,4987916002211,タムスロシン塩酸塩ＯＤ錠０.２ｍｇ｢明治｣,116.00,16
20250819,3949003F1023,4987294394120,フェブリク錠１０ｍｇ,28.00,16
20250819,3259118S1024,4987035654209,ラコールＮＦ配合経腸用液,11200.00,36
20250819,3969007F2039,4987081181490,ピオグリタゾン錠３０ｍｇ｢ＤＳＥＰ｣,35.00,16
20250819,2189015F2127,4987376069519,アトルバスタチン錠１０ｍｇ｢日医工｣,98.00,16
20250819,1179025F1239,4987080190011,エチゾラム錠０.５ｍｇ｢ＳＷ｣,28.00,16
20250819,2171017F2156,4987080633112,ニコランジル錠５ｍｇ｢サワイ｣,84.00,16
20250819,2149039F2100,4987155592016,ロサルタンＫ錠５０ｍｇ｢トーワ｣,14.00,16
20250819,2233002F1280,4987080323013,カルボシステイン錠２５０ｍｇ｢サワイ｣,15.00,16
20250819,2233002F1280,4987080323037,カルボシステイン錠２５０ｍｇ｢サワイ｣,75.00,16
20250819,4490003M1352,4987080037712,ケトチフェンカプセル１ｍｇ｢サワイ｣,56.00,15
20250819,2354003F2367,4987080034711,センノシド錠１２ｍｇ｢サワイ｣,336.00,16
20250819,2149022F2105,4987080038313,ニルバジピン錠４ｍｇ｢サワイ｣,56.00,16
20250819,2189016F1133,4987080001928,ピタバスタチンＣａ錠１ｍｇ｢サワイ｣,28.00,16
20250819,2189016F2130,4987080002017,ピタバスタチンＣａ錠２ｍｇ｢サワイ｣,40.00,16
20250819,3969018F2029,4987233102878,スーグラ錠５０ｍｇ,140.00,16
20250819,2149040F3037,4987123157575,カンデサルタン錠８ｍｇ｢あすか｣,28.00,16
20250819,3222013F1157,4987080100119,クエン酸第一鉄Ｎａ錠５０ｍｇ｢サワイ｣　鉄５０ｍｇ,21.00,16
20250819,2190006M2233,4987376056212,トコフェロールニコチン酸エステルカプセル２００ｍｇ｢日医工｣,84.00,15
20250819,2149041F3236,4987614413012,バルサルタン錠８０ｍｇ｢サンド｣,105.00,16
20250819,1242002F1381,4987271063254,ブチルスコポラミン臭化物錠１０ｍｇ｢ツルハラ｣,10.00,16
20250819,2171005F1335,4987080303718,ジラゼプ塩酸塩錠５０ｍｇ｢サワイ｣,168.00,16
20250819,6241013F3051,4987081183579,レボフロキサシン錠５００ｍｇ｢ＤＳＥＰ｣　(レボフロキサシンとして),5.00,16
20250819,2329030F1020,4987123154352,タケキャブ錠１０ｍｇ,28.00,16
20250819,3136004F2278,4987171659304,メコバラミン錠５００μｇ｢ＳＷ｣　０.５ｍｇ,204.00,16
20250819,2319001M1353,4987080023616,ロペラミド塩酸塩カプセル１ｍｇ｢サワイ｣,10.00,15
20250819,3399008F2110,4987376097819,クロピドグレル錠７５ｍｇ｢ＳＡＮＩＫ｣,49.00,16
20250819,3969104F2025,4987116530170,エクメット配合錠ＨＤ,252.00,16
20250819,3969104F1029,4987116530132,エクメット配合錠ＬＤ,70.00,16
20250819,2149114F1102,4987476170306,アムバロ配合錠｢ＹＤ｣,203.00,16
20250819,2149113F2031,4987081186709,テルチア配合錠ＢＰ｢ＤＳＥＰ｣,42.00,16
20250819,2149042F2030,4987081186518,テルミサルタン錠４０ｍｇ｢ＤＳＥＰ｣,187.00,16
20250819,1124009F1398,4987128320011,ブロチゾラム錠０.２５ｍｇ｢ヨシトミ｣,98.00,16
20250819,2329021F1331,4987035209614,レバミピド錠１００ｍｇ｢オーツカ｣,15.00,16
20250819,2329021F1331,4987035209713,レバミピド錠１００ｍｇ｢オーツカ｣,162.00,16
20250819,2189017F1030,4987081186907,ロスバスタチン錠２.５ｍｇ｢ＤＳＥＰ｣,119.00,16
20250819,2183006F4046,4987123415811,フェノフィブラート錠８０ｍｇ｢武田テバ｣,28.00,16
20250819,3122007F2063,4987155004168,フルスルチアミン錠２５ｍｇ｢トーワ｣,56.00,16
20250819,3969107F1022,4987233105343,スージャヌ配合錠,56.00,16
20250819,2329023F1144,4987123415880,ランソプラゾールＯＤ錠１５ｍｇ｢武田テバ｣,91.00,16
20250819,3969004F4143,4987123416634,ボグリボースＯＤ錠０.３ｍｇ｢武田テバ｣,105.00,16
20250819,1149019F1730,4987123417280,ロキソプロフェンＮａ錠６０ｍｇ｢武田テバ｣,98.00,16
20250819,3112001F2060,4987058172384,アルファカルシドール錠０.５μｇ｢アメル｣,28.00,16
20250819,1190019F4035,4987081189656,ガランタミンＯＤ錠４ｍｇ｢ＤＳＥＰ｣,56.00,16
20250819,2190041F3020,4987443384446,エンレスト錠２００ｍｇ,28.00,16
20250819,3962002F2124,4987116530323,メトホルミン塩酸塩錠２５０ｍｇＭＴ｢ＤＳＰＢ｣,189.00,16
20250819,3962002F3120,4987116530347,メトホルミン塩酸塩錠５００ｍｇＭＴ｢ＤＳＰＢ｣,112.00,16
20250819,3999018F2192,4987376710015,アレンドロン酸錠３５ｍｇ｢ＮＩＧ｣,12.00,16
20250819,2149032F1170,4987081185481,カルベジロール錠１０ｍｇ｢ＤＳＥＰ｣,49.00,16
20250819,2590011F4078,4987376349901,ソリフェナシンコハク酸塩ＯＤ錠５ｍｇ｢日医工｣,42.00,16
20250819,3949003F1040,4987081185719,フェブキソスタット錠１０ｍｇ｢ＤＳＥＰ｣,98.00,16
20250819,2329029M2104,4987190020338,エソメプラゾールカプセル２０ｍｇ｢ニプロ｣,40.00,15
20250819,1339002F1543,4987123873758,ジフェニドール塩酸塩錠２５ｍｇ｢ＮＩＧ｣,84.00,16
20250819,1129009F2374,4987123872058,ゾルピデム酒石酸塩錠１０ｍｇ｢ＮＩＧ｣,28.00,16
20250819,2149027F2213,4987123873949,マニジピン塩酸塩錠１０ｍｇ｢ＮＩＧ｣,28.00,16
20250819,2491001F6273,4987123872645,カリジノゲナーゼ錠５０単位｢ＮＩＧ｣,56.00,16
20250819,2171022F2483,4987901128605,アムロジピン錠５ｍｇ｢ＶＴＲＳ｣,105.00,16
20250819,6132016F2127,4987155165265,セフカペンピボキシル塩酸塩錠１００ｍｇ｢ＴＷ｣,30.00,16
20250819,3969011F1080,4987155165241,ビルダグリプチン錠５０ｍｇ｢トーワ｣,40.00,16
20250819,2649719Q2087,4987641074163,インテバン外用液１％,100.00,36
20250819,2399710E1046,4987222697415,ＳＰトローチ０.２５ｍｇ｢明治｣,192.00,16
20250819,2260700F1021,4987173015818,アズノールうがい液４％,20.00,36
20250819,2649729S3084,4987188412176,モーラステープＬ４０ｍｇ　１０ｃｍ×１４ｃｍ,63.00,6
20250819,2649735S3020,4987081100316,ロキソニンテープ１００ｍｇ　１０ｃｍ×１４ｃｍ,35.00,6
20250819,2649729S5028,4987188407004,モーラスパップＸＲ１２０ｍｇ　１０ｃｍ×１４ｃｍ,63.00,6
20250819,2260701F1409,4987222671422,ポビドンヨードガーグル液７％｢明治｣,60.00,36
20250819,2649729S3203,4987086533546,ケトプロフェンテープ４０ｍｇ｢三和｣　１０ｃｍ×１４ｃｍ,63.00,6
20250819,2646730M1075,4987020021924,ベタメタゾン酪酸エステルプロピオン酸エステル軟膏０.０５％｢ＭＹＫ｣,25.00,33
20250819,3339950Q1147,4987497308870,ヘパリン類似物質ローション０.３％｢ＮＩＴ｣,200.00,33
20250819,2649735S3292,4987081189960,ロキソプロフェンＮａテープ１００ｍｇ｢ＤＳＥＰ｣　１０ｃｍ×１４ｃｍ,378.00,6
20250819,2492415G1031,4987616002467,ノボラピッド注　フレックスペン　３００単位,5.00,51
20250819,2492417G1030,4987616002481,レベミル注　フレックスペン　３００単位,1.00,51
20250819,2492419G1021,4987616003167,トレシーバ注　フレックスタッチ　３００単位,1.00,51
20250819,2492500G1025,4987616003211,ライゾデグ配合注　フレックスタッチ　３００単位,2.00,51
20250819,2499418G4027,4987616003655,オゼンピック皮下注２ｍｇ　１.５ｍＬ,1.00,51
20250819,,4987616003631,ペンニードルプラス,196.00,7
20250820,2229001F1053,4987858100044,アストミン錠１０ｍｇ,30.00,16
20250820,3992001D1059,4987770528803,アデホスコーワ顆粒１０％,168.00,33
20250820,3992001F1084,4987770504609,アデホスコーワ腸溶錠２０　２０ｍｇ,105.00,16
20250820,2123014F2201,4987116140218,アロチノロール塩酸塩錠１０ｍｇ｢ＤＳＰ｣,28.00,16
20250820,2359102X1072,4987047120761,アローゼン顆粒,28.00,33
20250820,1141007C1075,4987896030617,カロナール細粒２０％,3.00,33
20250820,1124008F1024,4987028234784,サイレース錠１ｍｇ,56.00,16
20250820,1339002F1438,4987173017720,セファドール錠２５ｍｇ,42.00,16
20250820,2329012M1021,4987699058931,セルベックスカプセル５０ｍｇ,84.00,15
20250820,2221003B2067,4987813741053,メチエフ散１０％,3.00,33
20250820,1179025F1026,4987128006496,デパス錠０.５ｍｇ,28.00,16
20250820,1179025F2022,4987128006502,デパス錠１ｍｇ,28.00,16
20250820,1180107D1131,4987087035049,ＰＬ配合顆粒,21.00,33
20250820,3222007G1033,4987901117500,フェロ・グラデュメット錠１０５ｍｇ,35.00,16
20250820,3136004F2138,4987028266563,メチコバール錠５００μｇ　０.５ｍｇ,42.00,16
20250820,1149019F1560,4987081105403,ロキソニン錠６０ｍｇ,28.00,16
20250820,2344002X1055,4987286105628,酸化マグネシウム｢ケンエー｣〔重質〕,28.00,33
20250820,6132013C1031,4987919100839,セフゾン細粒小児用１０％　１００ｍｇ,9.00,33
20250820,2329026D1031,4987128087839,ガストローム顆粒６６.７％,84.00,33
20250820,2171022F2025,4987901008303,ノルバスク錠５ｍｇ,63.00,16
20250820,4490003R1309,4987080037644,ケトチフェンＤＳ小児用０.１％｢サワイ｣,7.50,33
20250820,1180107D1123,4987155071078,トーワチーム配合顆粒,66.00,33
20250820,1141007F1063,4987896010817,カロナール錠２００　２００ｍｇ,31.00,16
20250820,2233002F2022,4987060004802,ムコダイン錠５００ｍｇ,84.00,16
20250820,2431004F1056,4987123155144,チラーヂンＳ錠５０μｇ,28.00,16
20250820,1124008F1067,4987058565032,フルニトラゼパム錠１ｍｇ｢アメル｣,28.00,16
20250820,1124001F2037,4987058088036,エスタゾラム錠２ｍｇ｢アメル｣,28.00,16
20250820,2316020F1029,4987306066212,ビオフェルミン錠剤,140.00,16
20250820,2231001Q1036,4987286105239,セネガシロップ｢ケンエー｣,70.00,36
20250820,2149045F2025,4987901006200,セララ錠５０ｍｇ,35.00,16
20250820,3399004M4068,4987080737414,イコサペント酸エチル粒状カプセル９００ｍｇ｢サワイ｣,84.00,18
20250820,2149037F1059,4987080103110,シルニジピン錠５ｍｇ｢サワイ｣,28.00,16
20250820,3969010F2030,4987185809900,ジャヌビア錠５０ｍｇ,193.00,16
20250820,2241001X1118,4987290241732,キョウニン水(山善),30.00,36
20250820,2233002R2037,4987120223808,カルボシステインＤＳ５０％｢タカタ｣,7.50,33
20250820,3961008F3040,4987086170741,グリメピリド錠０.５ｍｇ｢三和｣,51.00,16
20250820,3961008F1225,4987086170802,グリメピリド錠１ｍｇ｢三和｣,151.00,16
20250820,2590008F2090,4987916002211,タムスロシン塩酸塩ＯＤ錠０.２ｍｇ｢明治｣,28.00,16
20250820,3969007F1130,4987080598015,ピオグリタゾン錠１５ｍｇ｢サワイ｣,28.00,16
20250820,3969007F2039,4987081181490,ピオグリタゾン錠３０ｍｇ｢ＤＳＥＰ｣,70.00,16
20250820,3969102F1020,4987051183127,グルベス配合錠,90.00,16
20250820,3969014F1024,4987413870511,トラゼンタ錠５ｍｇ,28.00,16
20250820,2329029M2023,4987650706109,ネキシウムカプセル２０ｍｇ,14.00,15
20250820,2590014F2028,4987233103042,ベタニス錠５０ｍｇ,35.00,16
20250820,2189010F2353,4987080774013,プラバスタチンＮａ錠１０ｍｇ｢サワイ｣,28.00,16
20250820,2189015F2127,4987376069519,アトルバスタチン錠１０ｍｇ｢日医工｣,14.00,16
20250820,1179025F1239,4987080190011,エチゾラム錠０.５ｍｇ｢ＳＷ｣,56.00,16
20250820,1179025F2197,4987080192015,エチゾラム錠１ｍｇ｢ＳＷ｣,84.00,16
20250820,2431004F4020,4987123155076,チラーヂンＳ錠１２.５μｇ,28.00,16
20250820,2171017F2156,4987080633112,ニコランジル錠５ｍｇ｢サワイ｣,84.00,16
20250820,2149039F2100,4987155592016,ロサルタンＫ錠５０ｍｇ｢トーワ｣,28.00,16
20250820,3969015F1029,4987128144327,テネリア錠２０ｍｇ,28.00,16
20250820,1190012F4319,4987614410608,ドネペジル塩酸塩ＯＤ錠５ｍｇ｢サンド｣,28.00,16
20250820,2362001F2211,4987080030416,ウルソデオキシコール酸錠１００ｍｇ｢サワイ｣,270.00,16
20250820,2233002F1280,4987080323037,カルボシステイン錠２５０ｍｇ｢サワイ｣,60.00,16
20250820,4490023F1091,4987376556712,フェキソフェナジン塩酸塩錠６０ｍｇ｢ＳＡＮＩＫ｣,56.00,16
20250820,2354003F2367,4987080034711,センノシド錠１２ｍｇ｢サワイ｣,116.00,16
20250820,2123016F1131,4987376075312,ビソプロロールフマル酸塩錠２.５ｍｇ｢日医工｣,28.00,16
20250820,2189016F1133,4987080001911,ピタバスタチンＣａ錠１ｍｇ｢サワイ｣,45.00,16
20250820,2189016F2130,4987080002017,ピタバスタチンＣａ錠２ｍｇ｢サワイ｣,70.00,16
20250820,3969018F2029,4987233102878,スーグラ錠５０ｍｇ,70.00,16
20250820,3399009F1020,4987081103324,エフィエント錠３.７５ｍｇ,35.00,16
20250820,3399102F1026,4987123154185,タケルダ配合錠,28.00,16
20250820,3222013F1157,4987080100119,クエン酸第一鉄Ｎａ錠５０ｍｇ｢サワイ｣　鉄５０ｍｇ,84.00,16
20250820,2344009F2082,4987286113500,酸化マグネシウム錠３３０ｍｇ｢ケンエー｣,158.00,16
20250820,2149041F3236,4987614413012,バルサルタン錠８０ｍｇ｢サンド｣,98.00,16
20250820,2149040F4238,4987080005414,カンデサルタン錠１２ｍｇ｢サワイ｣,28.00,16
20250820,2171005F1335,4987080303718,ジラゼプ塩酸塩錠５０ｍｇ｢サワイ｣,84.00,16
20250820,6241013F3051,4987081183579,レボフロキサシン錠５００ｍｇ｢ＤＳＥＰ｣　(レボフロキサシンとして),7.00,16
20250820,3969023F1023,4987413300612,ジャディアンス錠１０ｍｇ,49.00,16
20250820,2329030F1020,4987123154352,タケキャブ錠１０ｍｇ,140.00,16
20250820,2319001M1353,4987080023616,ロペラミド塩酸塩カプセル１ｍｇ｢サワイ｣,28.00,15
20250820,2139008F2044,4987792291815,アゾセミド錠３０ｍｇ｢ＪＧ｣,42.00,16
20250820,3969104F2025,4987116530170,エクメット配合錠ＨＤ,210.00,16
20250820,3969104F1029,4987116530132,エクメット配合錠ＬＤ,210.00,16
20250820,2190103F1038,4987081184477,アマルエット配合錠３番｢ＤＳＥＰ｣,28.00,16
20250820,2149114F1102,4987476170306,アムバロ配合錠｢ＹＤ｣,154.00,16
20250820,3969105F1023,4987123158367,イニシンク配合錠,28.00,16
20250820,2132003F3055,4987155412031,トリクロルメチアジド錠１ｍｇ｢トーワ｣,14.00,16
20250820,2149112F2070,4987080344117,バルヒディオ配合錠ＥＸ｢サワイ｣,14.00,16
20250820,2149044F6034,4987081187171,オルメサルタンＯＤ錠２０ｍｇ｢ＤＳＥＰ｣,42.00,16
20250820,2149117F1050,4987080132714,テラムロ配合錠ＡＰ｢サワイ｣,28.00,16
20250820,2149117F2030,4987081186853,テラムロ配合錠ＢＰ｢ＤＳＥＰ｣,35.00,16
20250820,2149042F2030,4987081186518,テルミサルタン錠４０ｍｇ｢ＤＳＥＰ｣,105.00,16
20250820,1124009F1398,4987128320011,ブロチゾラム錠０.２５ｍｇ｢ヨシトミ｣,128.00,16
20250820,2590007F2290,4987155783049,プロピベリン塩酸塩錠２０ｍｇ｢トーワ｣,35.00,16
20250820,2329021F1331,4987035209713,レバミピド錠１００ｍｇ｢オーツカ｣,114.00,16
20250820,2189017F1030,4987081186907,ロスバスタチン錠２.５ｍｇ｢ＤＳＥＰ｣,91.00,16
20250820,2189017F2037,4987081187003,ロスバスタチン錠５ｍｇ｢ＤＳＥＰ｣,28.00,16
20250820,3339002F5025,4987081107032,リクシアナＯＤ錠３０ｍｇ,14.00,16
20250820,4490022F4037,4987190510808,ベポタスチンベシル酸塩ＯＤ錠１０ｍｇ｢タナベ｣,30.00,16
20250820,2149114F1021,4987443333819,エックスフォージ配合錠,28.00,16
20250820,2359008F1025,4987699050027,グーフィス錠５ｍｇ,28.00,16
20250820,3969107F1022,4987233105343,スージャヌ配合錠,108.00,16
20250820,2329023F1144,4987123415880,ランソプラゾールＯＤ錠１５ｍｇ｢武田テバ｣,56.00,16
20250820,1149117F1160,4987080362012,トアラセット配合錠｢サワイ｣,120.00,16
20250820,3969004F4143,4987123416634,ボグリボースＯＤ錠０.３ｍｇ｢武田テバ｣,63.00,16
20250820,3969004F4143,4987123416627,ボグリボースＯＤ錠０.３ｍｇ｢武田テバ｣,342.00,16
20250820,1149019F1730,4987123417280,ロキソプロフェンＮａ錠６０ｍｇ｢武田テバ｣,30.00,16
20250820,3112001F3066,4987058173381,アルファカルシドール錠１.０μｇ｢アメル｣　１μｇ,28.00,16
20250820,3399103F1020,4987123159036,キャブピリン配合錠,42.00,16
20250820,3969013F1038,4987080152118,レパグリニド錠０.２５ｍｇ｢サワイ｣,105.00,16
20250820,2190041F3020,4987443384446,エンレスト錠２００ｍｇ,126.00,16
20250820,3999049F2023,4987057649306,ダーブロック錠２ｍｇ,7.00,16
20250820,2223001C1045,4987271042655,デキストロメトルファン臭化水素酸塩細粒１０％｢ツルハラ｣,2.50,33
20250820,3962002F2124,4987116530323,メトホルミン塩酸塩錠２５０ｍｇＭＴ｢ＤＳＰＢ｣,182.00,16
20250820,3962002F3120,4987116530347,メトホルミン塩酸塩錠５００ｍｇＭＴ｢ＤＳＰＢ｣,28.00,16
20250820,1339005F1482,4987376711005,ベタヒスチンメシル酸塩錠６ｍｇ｢日医工Ｐ｣,60.00,16
20250820,2149121F2079,4987123001175,ジルムロ配合錠ＨＤ｢武田テバ｣,56.00,16
20250820,3112006M2053,4987155152074,エルデカルシトールカプセル０.７５μｇ｢トーワ｣,35.00,15
20250820,6250019F1365,4987614439401,バラシクロビル錠５００ｍｇ｢ＳＰＫＫ｣,10.00,16
20250820,2113005F1056,4987123002974,メチルジゴキシン錠０.１ｍｇ｢ＮＩＧ｣,28.00,16
20250820,6149003F2283,4987306054295,クラリスロマイシン錠２００ｍｇ｢大正｣,10.00,16
20250820,3949003F1040,4987081185719,フェブキソスタット錠１０ｍｇ｢ＤＳＥＰ｣,196.00,16
20250820,2139005F3063,4987123874540,フロセミド錠１０ｍｇ｢ＮＩＧ｣,7.00,16
20250820,2139005F2474,4987123875271,フロセミド錠４０ｍｇ｢ＮＩＧ｣,84.00,16
20250820,2399010F2300,4987901094207,モサプリドクエン酸塩錠５ｍｇ｢ＶＴＲＳ｣,105.00,16
20250820,2171021F2322,4987123872997,ベニジピン塩酸塩錠４ｍｇ｢ＮＩＧ｣,28.00,16
20250820,2329029M2104,4987190020338,エソメプラゾールカプセル２０ｍｇ｢ニプロ｣,84.00,15
20250820,1339002F1543,4987123873758,ジフェニドール塩酸塩錠２５ｍｇ｢ＮＩＧ｣,126.00,16
20250820,3399002F2407,4987123872829,シロスタゾール錠１００ｍｇ｢ＮＩＧ｣,120.00,16
20250820,2149048F1065,4987123003452,アジルサルタン錠２０ｍｇ｢武田テバ｣,28.00,16
20250820,3133001B1223,4987123871525,パンテチン散２０％｢ＮＩＧ｣,84.00,33
20250820,2171022F1487,4987901128209,アムロジピン錠２.５ｍｇ｢ＶＴＲＳ｣,87.00,16
20250820,2171022F2483,4987901128605,アムロジピン錠５ｍｇ｢ＶＴＲＳ｣,84.00,16
20250820,2171022F2483,4987901128704,アムロジピン錠５ｍｇ｢ＶＴＲＳ｣,28.00,16
20250820,1149037F1224,4987901129107,セレコキシブ錠１００ｍｇ｢ＶＴＲＳ｣,70.00,16
20250820,2149026F2332,4987901129800,ドキサゾシン錠１ｍｇ｢ＶＴＲＳ｣,28.00,16
20250820,2399710E1046,4987222697415,ＳＰトローチ０.２５ｍｇ｢明治｣,162.00,16
20250820,2634710M1077,4987120263002,ゲンタシン軟膏０.１％　１ｍｇ,20.00,33
20250820,2647709N1060,4987087003871,リンデロン−ＶＧクリーム０.１２％,10.00,33
20250820,2647709Q1040,4987087029000,リンデロン−ＶＧローション,20.00,36
20250820,2359800J1035,4987103010982,レシカルボン坐剤〔新〕,20.00,10
20250820,2646730M1059,4987158144007,アンテベート軟膏０.０５％,10.00,33
20250820,2649729S2169,4987188412077,モーラステープ２０ｍｇ　７ｃｍ×１０ｃｍ,28.00,6
20250820,2649729S3084,4987188412176,モーラステープＬ４０ｍｇ　１０ｃｍ×１４ｃｍ,35.00,6
20250820,2649735S3020,4987081101092,ロキソニンテープ１００ｍｇ　１０ｃｍ×１４ｃｍ,63.00,6
20250820,2559814M1042,4987328145445,ネリザ軟膏,56.00,33
20250820,1329705Q1310,4987080038016,ケトチフェン点鼻液０.０５％｢サワイ｣　６.０４８ｍｇ８ｍＬ,2.00,19
20250820,2259807G2022,4987413836029,スピオルトレスピマット６０吸入,1.00,51
20250820,2655709N1096,4987020020248,ケトコナゾールクリーム２％｢イワキ｣,20.00,33
20250820,1319710Q2124,4987497305626,シアノコバラミン点眼液０.０２％｢ニットー｣　５ｍＬ,3.00,19
20250820,2399706M1125,4987170020419,デキサメタゾン口腔用軟膏０.１％｢ＮＫ｣,5.00,33
20250820,2659710N1250,4987901040402,テルビナフィン塩酸塩クリーム１％｢ＶＴＲＳ｣,20.00,33
20250820,1329711Q3032,4987120121906,フルチカゾンフランカルボン酸エステル点鼻液２７.５μｇ｢タカタ｣５６噴霧用　３ｍｇ６ｇ,2.00,19
20250820,1319762Q2032,4987084316318,エピナスチン塩酸塩ＬＸ点眼液０.１％｢ＳＥＣ｣,10.00,36
20250820,2649735S3292,4987081189960,ロキソプロフェンＮａテープ１００ｍｇ｢ＤＳＥＰ｣　１０ｃｍ×１４ｃｍ,126.00,6
20250820,2492415G1031,4987616002467,ノボラピッド注　フレックスペン　３００単位,5.00,51
20250820,2492419G1021,4987616003167,トレシーバ注　フレックスタッチ　３００単位,1.00,51
20250820,2499416G1029,4987428143303,トルリシティ皮下注０.７５ｍｇアテオス　０.５ｍＬ,4.00,51
20250820,2492500G1025,4987616003211,ライゾデグ配合注　フレックスタッチ　３００単位,4.00,51
20250820,2492415G4022,4987616002849,ノボラピッド５０ミックス注フレックスペン３００単位,3.00,51
20250820,2499422G2020,4987128305216,マンジャロ皮下注５ｍｇアテオス　０.５ｍＬ,4.00,51
20250820,,4987616003631,ペンニードルプラス,280.00,7
20250821,2229001F1053,4987858100044,アストミン錠１０ｍｇ,60.00,16
20250821,3992001D1059,4987770528803,アデホスコーワ顆粒１０％,56.00,33
20250821,3992001F1084,4987770504609,アデホスコーワ腸溶錠２０　２０ｍｇ,84.00,16
20250821,1124023F1037,4987901007108,ソラナックス０.４ｍｇ錠,180.00,16
20250821,2432001F1033,4987123158831,メルカゾール錠５ｍｇ,28.00,16
20250821,5200109D1028,4987138812346,ツムラ当帰建中湯エキス顆粒(医療用),70.00,33
20250821,2221003B2067,4987813741053,メチエフ散１０％,1.25,33
20250821,1179025F1026,4987128006496,デパス錠０.５ｍｇ,28.00,16
20250821,2316004F1020,4987306066984,ビオフェルミンＲ錠,15.00,16
20250821,3222007G1033,4987901117500,フェロ・グラデュメット錠１０５ｍｇ,28.00,16
20250821,2432002F1046,4987123158879,プロパジール錠５０ｍｇ,28.00,16
20250821,2316009F1022,4987312126641,ミヤＢＭ錠,168.00,16
20250821,1124022F2071,4987114553102,ワイパックス錠１.０　１ｍｇ,84.00,16
20250821,4490003R1309,4987080037644,ケトチフェンＤＳ小児用０.１％｢サワイ｣,3.00,33
20250821,1180107D1123,4987155071078,トーワチーム配合顆粒,60.00,33
20250821,1141007F1063,4987896010817,カロナール錠２００　２００ｍｇ,12.00,16
20250821,3399007H1021,4987341103095,バイアスピリン錠１００ｍｇ,91.00,16
20250821,1149116D1033,4987087034868,ＳＧ配合顆粒,56.00,33
20250821,2316020F1029,4987306066212,ビオフェルミン錠剤,84.00,16
20250821,2590008F2022,4987233012931,ハルナールＤ錠０.２ｍｇ,28.00,16
20250821,2325003F3124,4987080537113,ファモチジンＤ錠１０ｍｇ｢サワイ｣,56.00,16
20250821,1149037F1020,4987901016308,セレコックス錠１００ｍｇ,56.00,16
20250821,3327002F1169,4987476113310,トラネキサム酸錠２５０ｍｇ｢ＹＤ｣,15.00,16
20250821,2399008F1110,4987080128014,イトプリド塩酸塩錠５０ｍｇ｢サワイ｣,56.00,16
20250821,2149047F1028,4987858210125,ラジレス錠１５０ｍｇ,28.00,16
20250821,3969010F2030,4987185809900,ジャヌビア錠５０ｍｇ,30.00,16
20250821,8115001F1106,4987123155236,コデインリン酸塩錠２０ｍｇ｢タケダ｣,60.00,16
20250821,2233002R2037,4987120223808,カルボシステインＤＳ５０％｢タカタ｣,3.00,33
20250821,2590008F2090,4987916002211,タムスロシン塩酸塩ＯＤ錠０.２ｍｇ｢明治｣,56.00,16
20250821,3969102F1020,4987051183127,グルベス配合錠,84.00,16
20250821,3969014F1024,4987413870511,トラゼンタ錠５ｍｇ,28.00,16
20250821,2189011F1203,4987080783015,シンバスタチン錠５ｍｇ｢ＳＷ｣,42.00,16
20250821,1129010F2024,4987028201397,ルネスタ錠２ｍｇ,60.00,16
20250821,2189015F2127,4987376069519,アトルバスタチン錠１０ｍｇ｢日医工｣,63.00,16
20250821,2431004F2052,4987123155106,チラーヂンＳ錠２５μｇ,56.00,16
20250821,2149039F2100,4987155592016,ロサルタンＫ錠５０ｍｇ｢トーワ｣,84.00,16
20250821,2133001F1590,4987376007313,スピロノラクトン錠２５ｍｇ｢日医工｣,28.00,16
20250821,1190012F4319,4987614410608,ドネペジル塩酸塩ＯＤ錠５ｍｇ｢サンド｣,28.00,16
20250821,2233002F1280,4987080323013,カルボシステイン錠２５０ｍｇ｢サワイ｣,15.00,16
20250821,2233002F1280,4987080323037,カルボシステイン錠２５０ｍｇ｢サワイ｣,30.00,16
20250821,4490023F1091,4987376556712,フェキソフェナジン塩酸塩錠６０ｍｇ｢ＳＡＮＩＫ｣,112.00,16
20250821,1124029F1123,4987080033516,ロフラゼプ酸エチル錠１ｍｇ｢サワイ｣,112.00,16
20250821,2144002F2357,4987080035510,エナラプリルマレイン酸塩錠５ｍｇ｢サワイ｣,35.00,16
20250821,2123016F2219,4987376075411,ビソプロロールフマル酸塩錠５ｍｇ｢日医工｣,28.00,16
20250821,2189016F1133,4987080001911,ピタバスタチンＣａ錠１ｍｇ｢サワイ｣,60.00,16
20250821,3969018F2029,4987233102878,スーグラ錠５０ｍｇ,28.00,16
20250821,2149032F4039,4987080680017,カルベジロール錠２.５ｍｇ｢サワイ｣,35.00,16
20250821,2149040F2030,4987123157520,カンデサルタン錠４ｍｇ｢あすか｣,28.00,16
20250821,2149040F3037,4987123157575,カンデサルタン錠８ｍｇ｢あすか｣,28.00,16
20250821,3222013F1157,4987080100119,クエン酸第一鉄Ｎａ錠５０ｍｇ｢サワイ｣　鉄５０ｍｇ,56.00,16
20250821,2190006M2233,4987376056229,トコフェロールニコチン酸エステルカプセル２００ｍｇ｢日医工｣,42.00,15
20250821,2149041F2230,4987614412909,バルサルタン錠４０ｍｇ｢サンド｣,98.00,16
20250821,6241013F3051,4987081183579,レボフロキサシン錠５００ｍｇ｢ＤＳＥＰ｣　(レボフロキサシンとして),12.00,16
20250821,3969023F1023,4987413300612,ジャディアンス錠１０ｍｇ,28.00,16
20250821,2329030F1020,4987123154352,タケキャブ錠１０ｍｇ,142.00,16
20250821,3136004F2278,4987171659304,メコバラミン錠５００μｇ｢ＳＷ｣　０.５ｍｇ,56.00,16
20250821,2319001M1353,4987080023616,ロペラミド塩酸塩カプセル１ｍｇ｢サワイ｣,10.00,15
20250821,3399008F2110,4987376097819,クロピドグレル錠７５ｍｇ｢ＳＡＮＩＫ｣,28.00,16
20250821,3999039M1022,4987413721516,オフェブカプセル１００ｍｇ,70.00,15
20250821,3969104F2025,4987116530170,エクメット配合錠ＨＤ,84.00,16
20250821,3969104F1029,4987116530132,エクメット配合錠ＬＤ,56.00,16
20250821,2190103F1038,4987081184477,アマルエット配合錠３番｢ＤＳＥＰ｣,14.00,16
20250821,2149114F1102,4987476170306,アムバロ配合錠｢ＹＤ｣,56.00,16
20250821,4490033F1028,4987222682152,ビラノア錠２０ｍｇ,56.00,16
20250821,2132003F3055,4987155412031,トリクロルメチアジド錠１ｍｇ｢トーワ｣,14.00,16
20250821,2149042F2030,4987081186518,テルミサルタン錠４０ｍｇ｢ＤＳＥＰ｣,84.00,16
20250821,1124009F1398,4987128320011,ブロチゾラム錠０.２５ｍｇ｢ヨシトミ｣,30.00,16
20250821,2329021F1331,4987035209614,レバミピド錠１００ｍｇ｢オーツカ｣,84.00,16
20250821,2189017F1030,4987081186907,ロスバスタチン錠２.５ｍｇ｢ＤＳＥＰ｣,63.00,16
20250821,3339002F4029,4987081106998,リクシアナＯＤ錠１５ｍｇ,28.00,16
20250821,2329012M1374,4987476119862,テプレノンカプセル５０ｍｇ｢ＹＤ｣,84.00,15
20250821,2149010G1047,4987925106603,セロケンＬ錠１２０ｍｇ,28.00,16
20250821,2149114F1021,4987443333819,エックスフォージ配合錠,28.00,16
20250821,3969107F1022,4987233105343,スージャヌ配合錠,77.00,16
20250821,6250021M1035,4987080267461,オセルタミビルカプセル７５ｍｇ｢サワイ｣,10.00,15
20250821,6250021R1032,4987080268444,オセルタミビルＤＳ３％｢サワイ｣,22.50,33
20250821,2329023F1144,4987123415880,ランソプラゾールＯＤ錠１５ｍｇ｢武田テバ｣,28.00,16
20250821,3112001F3066,4987058173381,アルファカルシドール錠１.０μｇ｢アメル｣　１μｇ,28.00,16
20250821,3999027F1039,4987080199113,バゼドキシフェン錠２０ｍｇ｢サワイ｣,14.00,16
20250821,3999025F1030,4987376305617,ピルフェニドン錠２００ｍｇ｢日医工｣,315.00,16
20250821,2190041F3020,4987443384446,エンレスト錠２００ｍｇ,84.00,16
20250821,3999049F2023,4987057649306,ダーブロック錠２ｍｇ,28.00,16
20250821,2223001C1045,4987271042655,デキストロメトルファン臭化水素酸塩細粒１０％｢ツルハラ｣,0.75,33
20250821,3962002F2124,4987116530323,メトホルミン塩酸塩錠２５０ｍｇＭＴ｢ＤＳＰＢ｣,90.00,16
20250821,3962002F3120,4987116530347,メトホルミン塩酸塩錠５００ｍｇＭＴ｢ＤＳＰＢ｣,56.00,16
20250821,1339005F1482,4987376711005,ベタヒスチンメシル酸塩錠６ｍｇ｢日医工Ｐ｣,42.00,16
20250821,3999018F2192,4987376710015,アレンドロン酸錠３５ｍｇ｢ＮＩＧ｣,4.00,16
20250821,6250019F1365,4987614439401,バラシクロビル錠５００ｍｇ｢ＳＰＫＫ｣,10.00,16
20250821,2139008F1072,4987081185337,アゾセミド錠６０ｍｇ｢ＤＳＥＰ｣,28.00,16
20250821,2189019M1055,4987123002721,オメガ−３脂肪酸エチル粒状カプセル２ｇ｢武田テバ｣,60.00,18
20250821,3949003F1040,4987081185719,フェブキソスタット錠１０ｍｇ｢ＤＳＥＰ｣,28.00,16
20250821,2399010F2300,4987901094207,モサプリドクエン酸塩錠５ｍｇ｢ＶＴＲＳ｣,84.00,16
20250821,2171021F2322,4987123872997,ベニジピン塩酸塩錠４ｍｇ｢ＮＩＧ｣,28.00,16
20250821,2329029M2104,4987190020338,エソメプラゾールカプセル２０ｍｇ｢ニプロ｣,14.00,15
20250821,3112006F2020,4987155161052,エディロール錠０.７５μｇ,14.00,16
20250821,1339002F1543,4987123873758,ジフェニドール塩酸塩錠２５ｍｇ｢ＮＩＧ｣,224.00,16
20250821,2139011F4065,4987035622611,トルバプタンＯＤ錠１５ｍｇ｢オーツカ｣,28.00,16
20250821,2171022F2483,4987901128605,アムロジピン錠５ｍｇ｢ＶＴＲＳ｣,98.00,16
20250821,2171022F2483,4987901128704,アムロジピン錠５ｍｇ｢ＶＴＲＳ｣,28.00,16
20250821,1149037F1224,4987901129107,セレコキシブ錠１００ｍｇ｢ＶＴＲＳ｣,56.00,16
20250821,2183007G1020,4987770529800,パルモディアＸＲ錠０.２ｍｇ,28.00,16
20250821,6132016F2127,4987155165265,セフカペンピボキシル塩酸塩錠１００ｍｇ｢ＴＷ｣,15.00,16
20250821,3339003F2047,4987081187331,リバーロキサバン錠１５ｍｇ｢バイエル｣,35.00,16
20250821,1141700J2130,4987901110402,アンヒバ坐剤小児用１００ｍｇ,3.00,10
20250821,2399710E1046,4987222697415,ＳＰトローチ０.２５ｍｇ｢明治｣,30.00,16
20250821,2634710M1077,4987120263002,ゲンタシン軟膏０.１％　１ｍｇ,10.00,33
20250821,2647709N1060,4987087003871,リンデロン−ＶＧクリーム０.１２％,20.00,33
20250821,2649732S1130,4987042342014,アドフィードパップ４０ｍｇ　１０ｃｍ×１４ｃｍ,18.00,6
20250821,2260700F1021,4987173015818,アズノールうがい液４％,10.00,36
20250821,2649735S3020,4987081100316,ロキソニンテープ１００ｍｇ　１０ｃｍ×１４ｃｍ,63.00,6
20250821,2655710N1048,4987020004620,ラノコナゾールクリーム１％｢イワキ｣,20.00,33
20250821,1319758Q1021,4987084170101,ジクアス点眼液３％　５ｍＬ,2.00,19
20250821,3339950M1188,4987376616218,ヘパリン類似物質油性クリーム０.３％｢日医工｣,50.00,33
20250821,2260701F1409,4987222671422,ポビドンヨードガーグル液７％｢明治｣,30.00,36
20250821,2649729S2274,4987086533485,ケトプロフェンテープ２０ｍｇ｢三和｣　７ｃｍ×１０ｃｍ,35.00,6
20250821,2649729S3203,4987086533546,ケトプロフェンテープ４０ｍｇ｢三和｣　１０ｃｍ×１４ｃｍ,28.00,6
20250821,1319742Q1284,4987497307217,レボフロキサシン点眼液０.５％｢ニットー｣,5.00,36
20250821,2669701N2113,4987047110885,尿素クリーム２０％｢ＳＵＮ｣,25.00,33
20250821,1147700S1028,4987188488010,ジクトルテープ７５ｍｇ,28.00,6
20250821,3339950M1200,4987286218991,ヘパリン類似物質油性クリーム０.３％｢ケンエー｣,25.00,33
20250821,2649735S2296,4987081189939,ロキソプロフェンＮａテープ５０ｍｇ｢ＤＳＥＰ｣　７ｃｍ×１０ｃｍ,28.00,6
20250821,2649735S3292,4987081189960,ロキソプロフェンＮａテープ１００ｍｇ｢ＤＳＥＰ｣　１０ｃｍ×１４ｃｍ,161.00,6
20250821,2499416G1029,4987428143303,トルリシティ皮下注０.７５ｍｇアテオス　０.５ｍＬ,9.00,51
20250821,2492500G1025,4987616003211,ライゾデグ配合注　フレックスタッチ　３００単位,6.00,51
20250821,2499422G2020,4987128305216,マンジャロ皮下注５ｍｇアテオス　０.５ｍＬ,4.00,51
20250821,,4987616003631,ペンニードルプラス,140.00,7
20250822,2229001F1053,4987858100044,アストミン錠１０ｍｇ,45.00,16
20250822,2329012M1021,4987699058931,セルベックスカプセル５０ｍｇ,105.00,15
20250822,1179025F1026,4987128006496,デパス錠０.５ｍｇ,168.00,16
20250822,2316004B1036,4987306066724,ビオフェルミンＲ散,4.00,33
20250822,2316004F1020,4987306066984,ビオフェルミンＲ錠,15.00,16
20250822,1125003B2031,4987081333509,フェノバール散１０％,28.00,33
20250822,6135001R2110,4987222810593,ホスミシンドライシロップ４００　４００ｍｇ,7.50,33
20250822,3136004F2138,4987028266563,メチコバール錠５００μｇ　０.５ｍｇ,105.00,16
20250822,2319001M1213,4987672957640,ロペミンカプセル１ｍｇ,60.00,15
20250822,3122007F2039,4987123127127,アリナミンＦ糖衣錠〔２５ｍｇ〕,105.00,16
20250822,2329021F1102,4987035184614,ムコスタ錠１００ｍｇ,84.00,16
20250822,4490003R1309,4987080037644,ケトチフェンＤＳ小児用０.１％｢サワイ｣,4.00,33
20250822,1180107D1123,4987155071078,トーワチーム配合顆粒,45.00,33
20250822,1124007F2239,4987376371117,トリアゾラム錠０.２５ｍｇ｢日医工｣,60.00,16
20250822,1141007F1063,4987896010817,カロナール錠２００　２００ｍｇ,3.00,16
20250822,2325003F3035,4987919100334,ガスターＤ錠１０ｍｇ,56.00,16
20250822,1124008F1067,4987058565032,フルニトラゼパム錠１ｍｇ｢アメル｣,60.00,16
20250822,1129009F2021,4987233731825,マイスリー錠１０ｍｇ,28.00,16
20250822,3399007H1021,4987341103095,バイアスピリン錠１００ｍｇ,42.00,16
20250822,2233002F1174,4987060005366,ムコダイン錠２５０ｍｇ,105.00,16
20250822,1149116D1033,4987087034868,ＳＧ配合顆粒,84.00,33
20250822,2590008F2022,4987233012931,ハルナールＤ錠０.２ｍｇ,35.00,16
20250822,3327002F1169,4987476113310,トラネキサム酸錠２５０ｍｇ｢ＹＤ｣,15.00,16
20250822,2149037F2055,4987080106012,シルニジピン錠１０ｍｇ｢サワイ｣,28.00,16
20250822,2149047F1028,4987858210125,ラジレス錠１５０ｍｇ,28.00,16
20250822,3969010F2030,4987185809900,ジャヌビア錠５０ｍｇ,70.00,16
20250822,1179039F1117,4987058585030,フルボキサミンマレイン酸塩錠２５ｍｇ｢アメル｣,56.00,16
20250822,2329028F1104,4987080670018,ラベプラゾールＮａ錠１０ｍｇ｢サワイ｣,42.00,16
20250822,3969103F2020,4987123150002,リオベル配合錠ＨＤ,28.00,16
20250822,2189011F1203,4987080783015,シンバスタチン錠５ｍｇ｢ＳＷ｣,28.00,16
20250822,2189010F2353,4987080774013,プラバスタチンＮａ錠１０ｍｇ｢サワイ｣,50.00,16
20250822,2189015F2127,4987376069519,アトルバスタチン錠１０ｍｇ｢日医工｣,14.00,16
20250822,2149039F1040,4987081182664,ロサルタンＫ錠２５ｍｇ｢ＤＳＥＰ｣,28.00,16
20250822,1190012F4319,4987614410608,ドネペジル塩酸塩ＯＤ錠５ｍｇ｢サンド｣,42.00,16
20250822,3943001F1586,4987080396017,アロプリノール錠１００ｍｇ｢サワイ｣,35.00,16
20250822,2233002F1280,4987080323037,カルボシステイン錠２５０ｍｇ｢サワイ｣,30.00,16
20250822,4490023F1091,4987376556712,フェキソフェナジン塩酸塩錠６０ｍｇ｢ＳＡＮＩＫ｣,56.00,16
20250822,2123016F1131,4987376075312,ビソプロロールフマル酸塩錠２.５ｍｇ｢日医工｣,28.00,16
20250822,1124022F1083,4987792102029,ロラゼパム錠０.５ｍｇ｢サワイ｣,28.00,16
20250822,3969018F2029,4987233102878,スーグラ錠５０ｍｇ,30.00,16
20250822,1124023F1118,4987080100218,アルプラゾラム錠０.４ｍｇ｢サワイ｣,60.00,16
20250822,3222013F1157,4987080100119,クエン酸第一鉄Ｎａ錠５０ｍｇ｢サワイ｣　鉄５０ｍｇ,56.00,16
20250822,2344009F2082,4987286113500,酸化マグネシウム錠３３０ｍｇ｢ケンエー｣,84.00,16
20250822,2399005F2350,4987080103516,ドンペリドン錠１０ｍｇ｢サワイ｣,3.00,16
20250822,2149041F3236,4987614413012,バルサルタン錠８０ｍｇ｢サンド｣,42.00,16
20250822,2149040F4238,4987080005414,カンデサルタン錠１２ｍｇ｢サワイ｣,88.00,16
20250822,6241013F3051,4987081183579,レボフロキサシン錠５００ｍｇ｢ＤＳＥＰ｣　(レボフロキサシンとして),12.00,16
20250822,2329030F1020,4987123154352,タケキャブ錠１０ｍｇ,28.00,16
20250822,3136004F2278,4987171659304,メコバラミン錠５００μｇ｢ＳＷ｣　０.５ｍｇ,40.00,16
20250822,2319001M1353,4987080023616,ロペラミド塩酸塩カプセル１ｍｇ｢サワイ｣,10.00,15
20250822,3969104F2025,4987116530170,エクメット配合錠ＨＤ,130.00,16
20250822,3969104F1029,4987116530132,エクメット配合錠ＬＤ,56.00,16
20250822,2149114F1102,4987476170306,アムバロ配合錠｢ＹＤ｣,77.00,16
20250822,2344009F4069,4987288447139,酸化マグネシウム錠５００ｍｇ｢ヨシダ｣,28.00,16
20250822,2149110F2240,4987376085403,ロサルヒド配合錠ＨＤ｢日医工｣,28.00,16
20250822,2149044F6034,4987081187171,オルメサルタンＯＤ錠２０ｍｇ｢ＤＳＥＰ｣,42.00,16
20250822,2149042F2030,4987081186518,テルミサルタン錠４０ｍｇ｢ＤＳＥＰ｣,56.00,16
20250822,1124009F1398,4987128320011,ブロチゾラム錠０.２５ｍｇ｢ヨシトミ｣,56.00,16
20250822,2189017F1030,4987081186907,ロスバスタチン錠２.５ｍｇ｢ＤＳＥＰ｣,88.00,16
20250822,3969107F1022,4987233105343,スージャヌ配合錠,28.00,16
20250822,1190026F2024,4987081108756,タリージェ錠５ｍｇ,180.00,16
20250822,1149019F1730,4987123417280,ロキソプロフェンＮａ錠６０ｍｇ｢武田テバ｣,90.00,16
20250822,2190041F3020,4987443384446,エンレスト錠２００ｍｇ,35.00,16
20250822,3112006M1057,4987155152050,エルデカルシトールカプセル０.５μｇ｢トーワ｣,42.00,15
20250822,2590011F4078,4987376349901,ソリフェナシンコハク酸塩ＯＤ錠５ｍｇ｢日医工｣,42.00,16
20250822,3949003F1040,4987081185719,フェブキソスタット錠１０ｍｇ｢ＤＳＥＰ｣,35.00,16
20250822,2139005F1117,4987123875240,フロセミド錠２０ｍｇ｢ＮＩＧ｣,28.00,16
20250822,2329029M2104,4987190020338,エソメプラゾールカプセル２０ｍｇ｢ニプロ｣,28.00,15
20250822,1129009F2374,4987123872058,ゾルピデム酒石酸塩錠１０ｍｇ｢ＮＩＧ｣,30.00,16
20250822,3399002F1370,4987123872812,シロスタゾール錠５０ｍｇ｢ＮＩＧ｣,56.00,16
20250822,2171022F1487,4987901128209,アムロジピン錠２.５ｍｇ｢ＶＴＲＳ｣,70.00,16
20250822,2171022F2483,4987901128605,アムロジピン錠５ｍｇ｢ＶＴＲＳ｣,146.00,16
20250822,2171022F6306,4987901126809,アムロジピンＯＤ錠１０ｍｇ｢ＶＴＲＳ｣,28.00,16
20250822,2399710E1046,4987222697415,ＳＰトローチ０.２５ｍｇ｢明治｣,30.00,16
20250822,1319710Q2078,4987084120366,サンコバ点眼液０.０２％　５ｍＬ,2.00,19
20250822,2260700F1021,4987173015818,アズノールうがい液４％,5.00,36
20250822,2649729S3203,4987086533546,ケトプロフェンテープ４０ｍｇ｢三和｣　１０ｃｍ×１４ｃｍ,63.00,6
20250822,2399706M1125,4987170020419,デキサメタゾン口腔用軟膏０.１％｢ＮＫ｣,5.00,33
20250822,2659710N1250,4987901040402,テルビナフィン塩酸塩クリーム１％｢ＶＴＲＳ｣,20.00,33
20250822,2649735S3292,4987081189960,ロキソプロフェンＮａテープ１００ｍｇ｢ＤＳＥＰ｣　１０ｃｍ×１４ｃｍ,35.00,6
20250822,2492415G1031,4987616002467,ノボラピッド注　フレックスペン　３００単位,1.00,51
20250822,2492419G1021,4987616003167,トレシーバ注　フレックスタッチ　３００単位,1.00,51
20250822,2492500G1025,4987616003211,ライゾデグ配合注　フレックスタッチ　３００単位,7.00,51
20250822,2499418G4027,4987616003655,オゼンピック皮下注２ｍｇ　１.５ｍＬ,1.00,51
20250822,,4987616003631,ペンニードルプラス,140.00,7
